969,0 23,5538812062 3,1798706966 42,1548580431 0,0292001 0,425698 0,412705 0,426554 S
0,0 22,9019546193 2,78838772266 57,3732575144 0,0292377 0,425724 0,412724 0,426577 N
117,0 23,8112498005 2,54768389178 127,285351462 0,0292377 0,425724 0,412724 0,426577 S
200,0 24,2692530447 3,19984976916 204,120769986 0,0292377 0,425724 0,412724 0,426577 S
300,0 23,211081659 3,4245117676 183,32680109 0,0292377 0,425724 0,412724 0,426577 S
402,0 23,4882802747 3,16718962946 128,0 0,0292377 0,425724 0,412724 0,426577 S
502,0 24,2483753572 2,78899094364 123,285626988 0,0292377 0,425724 0,412724 0,426577 S
645,0 22,7409872349 2,93839770072 128,0 0,0292377 0,425724 0,412724 0,426577 S
701,0 23,0880192402 2,84583048478 113,799901866 0,0292377 0,425724 0,412724 0,426577 S
822,0 23,8074348397 3,34081171288 109,25935962 0,0292377 0,425724 0,412724 0,426577 S
97,0 23,6970497564 2,59035955008 25,5610737092 0,0314603 0,420266 0,408046 0,421692 N
145,0 17,0199298161 2,66381744547 54,6437033238 0,0318866 0,421223 0,40784 0,422096 N
301,0 17,4204298497 3,39745628738 97,0726154834 0,0318866 0,421223 0,40784 0,422096 S
410,0 17,4849594707 2,81120156082 115,2 0,0318866 0,421223 0,40784 0,422096 S
661,0 16,5177870799 3,39423112201 100,79910588 0,0318866 0,421223 0,40784 0,422096 S
890,0 17,1967005118 3,42887697359 65,5006797167 0,0318866 0,421223 0,40784 0,422096 S
984,0 17,1080033428 2,74339758855 51,3893171524 0,0318866 0,421223 0,40784 0,422096 S
749,0 17,3831543752 2,93006136449 38,9842134068 0,0320358 0,420787 0,407453 0,421684 S
264,0 17,4584502357 3,18476806654 42,5351753326 0,0320687 0,421165 0,407786 0,422038 N
597,0 15,2066741172 3,04166952281 37,8604544159 0,0324335 0,418419 0,405284 0,41951 N
95,0 16,7543897237 2,72191098156 27,3747341617 0,0327239 0,417424 0,404622 0,418723 N
384,0 14,7799049422 2,74998848944 34,674710421 0,0327873 0,417622 0,404595 0,418776 N
496,0 14,56967474 3,0222761731 32,1198888104 0,032814 0,417076 0,404142 0,418288 S
897,0 16,4014727986 3,13578721712 31,9268872897 0,0329156 0,417416 0,40472 0,418845 N
976,0 15,8091481256 3,10446052304 31,5996434554 0,0329747 0,417346 0,404664 0,418797 N
173,0 15,1497954541 3,05160902136 30,4868378039 0,0330629 0,41647 0,403624 0,417737 N
672,0 15,0934838238 2,51973663755 30,4564457033 0,0330629 0,41647 0,403624 0,417737 S
795,0 15,0717102713 3,29940360744 29,9099187121 0,0331659 0,416189 0,403386 0,417492 N
216,0 14,9649225356 2,84258557061 27,1861226943 0,033587 0,414587 0,401996 0,416016 N
41,0 11,9269392294 2,65549281425 0,0 0,0340767 0,413031 0,399763 0,414117 N
303,0 12,1715932366 2,76042200004 162,015073491 0,0340767 0,413031 0,399763 0,414117 S
401,0 12,1523481187 2,98683753251 256,0 0,0340767 0,413031 0,399763 0,414117 S
500,0 12,4596473798 3,4579351893 55,9310609896 0,0340767 0,413031 0,399763 0,414117 S
900,0 11,9817714843 3,28520603232 0,0 0,0340767 0,413031 0,399763 0,414117 S
191,0 11,857407765 2,50313199716 38,2465814367 0,0345759 0,412369 0,399186 0,413501 N
736,0 12,2951218152 2,60332550397 37,1035581343 0,0346251 0,412235 0,399073 0,413379 S
601,0 11,5522252028 3,37664016756 37,3130362909 0,034658 0,412267 0,3991 0,413406 N
876,0 11,8788869376 2,56651804395 35,7290324923 0,0346832 0,412014 0,398878 0,413172 N
314,0 11,6427565653 2,56207889483 26,2171818651 0,0354853 0,408104 0,39561 0,40971 S
491,0 11,6899831419 2,95697510842 25,4589566804 0,0356331 0,407527 0,395124 0,409211 S
995,0 11,9396863822 3,22924202231 23,8154266038 0,0356355 0,405929 0,393711 0,40778 S
582,0 12,3714901117 3,16085297533 24,1426003213 0,0356574 0,406148 0,393907 0,407963 S
659,0 12,3029560013 2,55952081242 24,0133250506 0,0356574 0,406148 0,393907 0,407963 S
76,0 12,2894543802 3,02512060437 24,5548262351 0,0357018 0,406695 0,394391 0,408494 S
176,0 11,7198070612 3,19196195796 24,3134619236 0,035985 0,406429 0,394153 0,408226 S
788,0 12,4930711501 3,24667501695 24,2344726718 0,035985 0,406429 0,394153 0,408226 S
271,0 11,5465242647 3,33722022261 28,5029445185 0,0361695 0,409605 0,396861 0,41102 N
284,0 11,5780943953 2,71114108126 23,1372286768 0,036273 0,405213 0,393055 0,40713 N
874,0 12,3769997888 3,10213538997 23,2462743581 0,036273 0,405213 0,393055 0,40713 S
7,0 8,21780845149 3,27778730089 86,3634576987 0,0365424 0,401675 0,388628 0,402692 N
180,0 8,35708928863 3,37124670137 52,3870273334 0,0365424 0,401675 0,388628 0,402692 S
203,0 7,96480493136 3,41698099067 243,2 0,0365424 0,401675 0,388628 0,402692 S
302,0 8,3295260356 3,17627236622 152,604150713 0,0365424 0,401675 0,388628 0,402692 S
400,0 7,88666575367 2,58281938285 108,997156743 0,0365424 0,401675 0,388628 0,402692 S
501,0 8,09582849801 2,60888558506 112,259712449 0,0365424 0,401675 0,388628 0,402692 S
614,0 8,45786822091 3,39171649098 0,0 0,0365424 0,401675 0,388628 0,402692 S
700,0 8,12084523414 2,54588217168 163,290742948 0,0365424 0,401675 0,388628 0,402692 S
873,0 8,33589727451 3,48717910864 33,7323253391 0,0368686 0,401169 0,388217 0,402252 N
481,0 7,99599623341 3,07294142948 25,2008137363 0,0377584 0,397678 0,385236 0,39909 S
637,0 8,2500258987 3,06470634323 25,3463620051 0,0379481 0,397801 0,385344 0,399202 S
44,0 8,12820765796 3,14923176989 23,6065625915 0,0385804 0,396646 0,384342 0,398139 S
730,0 8,32600799991 2,85317456717 23,6166809311 0,0385804 0,396646 0,384342 0,398139 S
593,0 7,57784862662 3,22712261059 23,8962436496 0,0389676 0,396879 0,384543 0,398355 S
281,0 7,81025456891 3,27245986353 21,685195845 0,0391946 0,395232 0,383059 0,396853 S
399,0 8,06087860809 2,90177489148 22,9779298933 0,0391955 0,396096 0,383841 0,397671 S
175,0 8,32077191657 3,32223106371 21,8755637538 0,0394068 0,395358 0,383172 0,396985 S
882,0 7,86236065007 3,23989418994 21,9118929907 0,0394068 0,395358 0,383172 0,396985 S
99,0 8,20109323543 2,84947584096 17,6860145905 0,0395412 0,388518 0,376588 0,390464 S
490,0 8,33096581255 3,13823515523 17,6854056942 0,0395412 0,388518 0,376588 0,390464 S
993,0 11,6706046857 2,5589538048 18,9568817854 0,0396409 0,398886 0,387114 0,40115 N
864,0 7,81267129694 2,7774067558 17,8026400316 0,0397515 0,388905 0,376947 0,390861 S
715,0 7,81379507074 2,62424907002 19,8981950651 0,0398903 0,392763 0,380737 0,394642 N
391,0 7,76404123655 2,81525398052 18,6312258826 0,0400472 0,390894 0,378917 0,3928 S
557,0 7,50089401639 2,78154099969 18,1676218684 0,0400519 0,389533 0,377574 0,391433 S
681,0 8,12540152772 3,44896016149 19,3046814893 0,0401602 0,391976 0,379959 0,393811 N
278,0 7,7606368492 3,44636877039 17,5053205395 0,0403509 0,3881 0,376179 0,39007 S
182,0 7,70817260637 3,49949339442 18,4173409642 0,0407586 0,390247 0,378278 0,392203 N
397,0 7,60894051134 2,91195322084 16,8443748892 0,0409603 0,386447 0,374515 0,388411 S
768,0 8,18904909187 3,35497243037 16,9627885029 0,0409603 0,386447 0,374515 0,388411 S
94,0 7,65039393924 3,06470623625 17,2658511178 0,0412259 0,387277 0,375334 0,389189 N
706,0 7,9813309772 2,52573326793 15,5563198365 0,0418382 0,381963 0,37 0,383745 S
155,0 7,93407039477 2,60931896721 16,8016243684 0,0418453 0,386054 0,374126 0,387956 N
599,0 8,41682140151 2,96850559832 16,7016706953 0,0418453 0,386054 0,374126 0,387956 S
698,0 7,83633156297 3,49479915266 16,6702769542 0,0418453 0,386054 0,374126 0,387956 S
22,0 8,35275582194 2,78206489871 15,4095080175 0,0419021 0,381314 0,369356 0,383072 S
114,0 7,74500828549 2,61394287564 15,4344823466 0,0419021 0,381314 0,369356 0,383072 S
260,0 7,95609888022 3,21129238959 15,4346821308 0,0419021 0,381314 0,369356 0,383072 S
960,0 8,40544910994 3,07001069859 15,3279487726 0,0419021 0,381314 0,369356 0,383072 S
452,0 8,02798026487 2,94220516499 16,0485725832 0,0422859 0,383705 0,371776 0,385579 N
590,0 7,58844048296 3,19414918783 15,2693772644 0,0425038 0,38073 0,368762 0,382451 N
694,0 8,28584459959 2,61852620113 15,1917445109 0,0425038 0,38073 0,368762 0,382451 S
499,0 7,69469642355 2,69534005225 15,143110873 0,0434661 0,379937 0,367978 0,381609 N
883,0 8,03161647029 3,20657636221 14,7557345894 0,0436602 0,378519 0,366529 0,380116 N
558,0 8,32312056566 3,15005059564 14,6161046175 0,044045 0,377828 0,365838 0,379343 N
990,0 8,09831051983 3,11314688068 14,6281231131 0,044045 0,377828 0,365838 0,379343 S
65,0 8,34033746399 2,71707591046 14,3797668566 0,0455742 0,376309 0,364303 0,377765 S
762,0 8,28332858501 3,06402593989 14,3547678513 0,0455742 0,376309 0,364303 0,377765 S
393,0 8,05 3,01611495031 14,5404305449 0,0456548 0,377069 0,365055 0,378529 N
467,0 8,09114450284 3,20506775557 14,4678891 0,0456548 0,377069 0,365055 0,378529 S
219,0 8,45044033748 2,7646477847 14,1441311249 0,0458689 0,375535 0,363518 0,376908 N
676,0 7,92963041839 2,66696503065 14,2127618014 0,0458689 0,375535 0,363518 0,376908 S
999,0 7,71340681615 2,84886817141 14,2073847754 0,0458689 0,375535 0,363518 0,376908 S
583,0 7,72060657921 3,462509253 13,9285481908 0,0478969 0,374252 0,362232 0,375467 S
158,0 7,89497234067 2,71215599339 14,0764285691 0,048008 0,374861 0,362849 0,376142 N
877,0 8,41871901098 2,95552676467 13,7858094069 0,0481968 0,373455 0,361449 0,374686 N
974,0 7,89379630416 2,97609306369 13,7737369556 0,0481968 0,373455 0,361449 0,374686 S
378,0 7,1838065518 2,79330352502 13,3843934032 0,0489759 0,37131 0,359071 0,372745 N
639,0 7,09913561816 3,14182185025 13,1785824382 0,0491252 0,369796 0,357545 0,371102 S
261,0 6,64631021966 3,31861007997 13,3087797253 0,049448 0,370623 0,358357 0,371994 N
573,0 7,07602740171 3,19090058346 13,3085927658 0,049448 0,370623 0,358357 0,371994 S
794,0 7,28223880534 3,42854012042 13,203568211 0,049448 0,370623 0,358357 0,371994 S
169,0 7,08597693979 2,59215277915 13,0394378321 0,0503712 0,369149 0,356901 0,370396 N
98,0 7,00631830571 2,84112320488 12,8029702226 0,0510101 0,368531 0,356287 0,369703 N
498,0 6,75117307919 2,90096145089 12,6957022278 0,0528369 0,367707 0,355457 0,368871 N
847,0 6,5822537311 3,48284447016 12,7835045488 0,0528369 0,367707 0,355457 0,368871 S
991,0 7,31316578585 3,18567241139 12,7255836933 0,0528369 0,367707 0,355457 0,368871 S
265,0 2,09885145336 8,50916117491 21,4884834141 0,0531693 0,368387 0,354617 0,363747 S
532,0 2,0 9,26319608054 21,4706731961 0,0531693 0,368387 0,354617 0,363747 S
683,0 2,0 9,07293647087 21,4071796302 0,0531693 0,368387 0,354617 0,363747 S
769,0 9,35112556254 3,45139598843 11,4257839304 0,0538797 0,3618 0,349726 0,361651 S
962,0 9,33274080418 3,35046838462 11,4049429107 0,0538797 0,3618 0,349726 0,361651 S
495,0 2,25761691816 8,50449041059 19,3423977099 0,0540142 0,360358 0,34662 0,355257 S
689,0 2,0044339853 9,25130841336 19,4123593814 0,0540142 0,360358 0,34662 0,355257 S
806,0 2,37124014317 9,26646637116 19,4400961477 0,0540142 0,360358 0,34662 0,355257 S
383,0 2,0 8,67023028316 21,5267482929 0,0540452 0,368653 0,354898 0,36404 S
708,0 8,87369260768 3,49958500162 11,0916308512 0,0543642 0,359055 0,346972 0,358829 S
101,0 2,0739297736 9,0739544795 20,6336362149 0,0544515 0,364852 0,351061 0,359969 S
80,0 2,37922073414 9,21306453207 21,9803739685 0,0547318 0,370092 0,356346 0,365551 N
71,0 2,0 9,26020416974 20,078227397 0,0548792 0,362843 0,349081 0,357856 S
285,0 2,07089133859 8,9143025676 19,474755532 0,054945 0,360748 0,347019 0,355653 S
352,0 2,0 8,65190884775 19,4734780239 0,054945 0,360748 0,347019 0,355653 S
571,0 2,42822356233 8,676566748 20,4860987136 0,0552111 0,364453 0,350672 0,359591 N
980,0 2,05560964054 9,02466311136 19,1243186092 0,0557442 0,359637 0,34594 0,354555 S
112,0 2,02701480688 8,5869488348 19,3139636962 0,0559449 0,360188 0,346436 0,355058 N
147,0 2,03025464114 9,29740684933 18,039553153 0,0566368 0,35522 0,341588 0,349893 S
793,0 2,48088434623 9,08922441877 18,0809920773 0,0566368 0,35522 0,341588 0,349893 S
893,0 2,00024031881 8,78535397348 18,1086660909 0,0566368 0,35522 0,341588 0,349893 S
595,0 2,0 8,94768647779 19,0134812321 0,0573258 0,35901 0,345286 0,353856 N
975,0 2,0 8,61712614497 18,34176404 0,0575328 0,356192 0,342525 0,35095 S
243,0 2,0 9,46117616812 17,8269289068 0,0578938 0,354069 0,340461 0,348679 S
457,0 2,07465763656 9,3493594148 17,8277163644 0,0578938 0,354069 0,340461 0,348679 S
638,0 2,0 8,51402626148 17,8982293336 0,0578938 0,354069 0,340461 0,348679 S
392,0 2,23282197078 8,5566526233 17,9618381175 0,0579543 0,354611 0,340989 0,349261 S
59,0 2,0 8,83984017717 18,5934827218 0,058104 0,357468 0,343791 0,352303 N
703,0 8,67957903435 3,46740299258 10,3704185678 0,058908 0,353311 0,341212 0,352759 N
93,0 2,1398186064 8,75508125225 17,1282476796 0,059576 0,350753 0,33725 0,345222 S
142,0 2,0 9,17210486924 17,0647426926 0,059576 0,350753 0,33725 0,345222 S
356,0 2,0 8,59475551685 17,7548394545 0,0595813 0,353595 0,339995 0,348171 N
598,0 2,00143454508 8,5177144523 17,7755499225 0,0595813 0,353595 0,339995 0,348171 S
81,0 2,05117173189 8,5153504183 16,6882665691 0,059844 0,348518 0,335077 0,342976 S
998,0 2,0 8,54737447279 16,628940857 0,059844 0,348518 0,335077 0,342976 S
799,0 2,00109733693 9,45321092094 16,9377772992 0,0598636 0,349609 0,336138 0,344068 S
885,0 2,07701808409 9,08750475324 16,8485627048 0,0598636 0,349609 0,336138 0,344068 S
684,0 2,0 8,718312539 17,3893954221 0,0602002 0,3522 0,338654 0,346685 N
370,0 2,0 8,72163419855 16,477248251 0,0611138 0,34724 0,333846 0,341689 S
565,0 2,08802287521 8,67511602692 16,4102146985 0,0611138 0,34724 0,333846 0,341689 S
790,0 2,4198345277 8,5856742829 16,4816037757 0,0611138 0,34724 0,333846 0,341689 S
460,0 2,33769365218 8,74965341227 16,600279976 0,0616522 0,347807 0,334394 0,34227 S
100,0 2,0 9,40255816942 16,1588601435 0,0618038 0,345658 0,332253 0,339945 S
685,0 2,00225362572 8,93557973971 16,1669327666 0,0618038 0,345658 0,332253 0,339945 S
870,0 2,12350792559 9,20324333551 16,1244617068 0,0618038 0,345658 0,332253 0,339945 S
252,0 2,0 8,41076090952 17,6230811316 0,0627446 0,351647 0,337268 0,345823 N
5,0 2,0 9,07714845395 15,7049106928 0,0629015 0,342922 0,329586 0,337056 S
418,0 2,112433928 8,88856968143 15,6947963955 0,0629015 0,342922 0,329586 0,337056 S
527,0 2,17972647235 9,2990070625 15,6728184427 0,0629015 0,342922 0,329586 0,337056 S
170,0 2,01870949743 8,65744494407 15,8463584406 0,0629406 0,343618 0,330286 0,337829 S
380,0 2,3992612718 8,62772423074 15,8402454089 0,0629406 0,343618 0,330286 0,337829 S
686,0 2,00423026826 8,85586164306 15,8110225031 0,0629406 0,343618 0,330286 0,337829 S
979,0 2,0107479907 8,53707495338 15,7994382476 0,0629406 0,343618 0,330286 0,337829 S
257,0 2,03668536469 8,01514290359 16,7109381832 0,0634542 0,347473 0,333111 0,341571 N
67,0 2,0 6,49492073598 14,8477451981 0,0635352 0,334075 0,319009 0,328842 S
324,0 2,0 6,41641317109 14,8671844112 0,0635352 0,334075 0,319009 0,328842 S
423,0 2,3330019046 6,07077327367 14,8864038431 0,0635352 0,334075 0,319009 0,328842 S
530,0 2,0 6,40228031661 14,8300583939 0,0635352 0,334075 0,319009 0,328842 S
717,0 2,0 5,5833444684 14,8597431195 0,0635352 0,334075 0,319009 0,328842 S
168,0 2,3025721379 6,43969490858 15,682715414 0,0637245 0,337887 0,322728 0,332885 S
830,0 2,0 5,64816670989 15,6883148861 0,0637245 0,337887 0,322728 0,332885 S
949,0 2,0 5,80907471101 15,7025939697 0,0637245 0,337887 0,322728 0,332885 S
277,0 2,30262694161 5,59446484804 15,0014232881 0,063755 0,334883 0,31976 0,329675 S
675,0 2,1228992905 5,8416124423 15,8882552359 0,0646944 0,338878 0,323731 0,333939 N
171,0 2,29353806861 6,40454929536 15,1222111273 0,0647807 0,33565 0,320533 0,330537 N
669,0 2,14365104336 5,64301697791 14,6924870796 0,0650368 0,333229 0,318181 0,327948 S
842,0 2,36448103824 6,14673405829 14,9422383356 0,0650434 0,334494 0,319402 0,329289 N
987,0 2,0 6,19265328255 14,9405293658 0,0650434 0,334494 0,319402 0,329289 S
226,0 2,08688133072 6,05419378202 14,1038613626 0,0651598 0,329654 0,314756 0,32418 N
107,0 2,26026713553 6,09973201324 13,9199655774 0,065196 0,328239 0,313443 0,322838 S
774,0 2,0 6,27048834271 13,8992521287 0,065196 0,328239 0,313443 0,322838 S
983,0 2,19418130386 6,21591836398 13,8632341285 0,065196 0,328239 0,313443 0,322838 S
447,0 2,00619808889 5,55402277007 14,0672893813 0,0653296 0,329272 0,314427 0,323857 N
79,0 2,16696042755 5,89351095628 13,8222357099 0,065599 0,327786 0,313001 0,322367 N
385,0 2,03984634188 6,28134325772 13,8192581801 0,065599 0,327786 0,313001 0,322367 S
836,0 2,0 6,4647741469 13,7973154265 0,065599 0,327786 0,313001 0,322367 S
267,0 2,0 6,37302680915 13,6608515318 0,0656133 0,326686 0,311935 0,321176 N
555,0 2,3373578609 6,18652408459 13,6518517595 0,0656133 0,326686 0,311935 0,321176 S
682,0 2,07281895713 6,25574230762 13,6882379252 0,0656133 0,326686 0,311935 0,321176 S
440,0 2,0 5,79613964533 13,6386821722 0,0658236 0,326186 0,311441 0,320633 N
70,0 2,40377202582 5,85235411517 12,8533654363 0,0658274 0,321421 0,306794 0,31541 S
287,0 2,06414046012 5,90198443013 12,8645855097 0,0658274 0,321421 0,306794 0,31541 S
354,0 2,24392650129 6,12207330321 12,8396398448 0,0658274 0,321421 0,306794 0,31541 S
431,0 2,0 6,23369815749 12,8824819144 0,0658274 0,321421 0,306794 0,31541 S
577,0 2,23751531705 6,46347344743 12,8349852241 0,0658274 0,321421 0,306794 0,31541 S
770,0 2,33249085101 5,66283323647 12,8753810471 0,0658274 0,321421 0,306794 0,31541 S
965,0 2,17021301062 5,58662261976 12,8985097661 0,0658274 0,321421 0,306794 0,31541 S
766,0 2,24331427422 5,67541606648 12,7792306296 0,0661116 0,320854 0,306224 0,314796 S
892,0 2,0078905341 5,96850292832 12,8187407144 0,0661116 0,320854 0,306224 0,314796 S
194,0 2,03351270247 6,06260103541 13,4347941328 0,0669374 0,325037 0,31032 0,319386 N
121,0 2,00976811559 6,48277658147 12,6219742475 0,067328 0,319971 0,305368 0,313821 N
660,0 2,00766766976 6,36716388802 12,6480258799 0,067328 0,319971 0,305368 0,313821 S
92,0 2,39913081885 5,98481474493 12,5297988526 0,0685897 0,319044 0,304494 0,312819 N
958,0 2,26371281979 5,72245880037 12,4836671415 0,0685897 0,319044 0,304494 0,312819 S
251,0 2,10038440295 6,20787391871 12,1896188914 0,0698447 0,317086 0,302623 0,310927 N
362,0 2,0 5,55094389604 12,2309063813 0,0698447 0,317086 0,302623 0,310927 S
87,0 2,0 6,40623709923 11,7006399189 0,070118 0,312853 0,298554 0,306546 S
367,0 2,04352081279 5,65664527059 11,6640154354 0,070118 0,312853 0,298554 0,306546 S
587,0 2,0 5,7826165285 11,679167629 0,070118 0,312853 0,298554 0,306546 S
666,0 2,0 6,11608960446 11,6980936346 0,070118 0,312853 0,298554 0,306546 S
713,0 2,28137301645 6,38000033087 11,6563409207 0,070118 0,312853 0,298554 0,306546 S
964,0 2,45084705893 5,92363932902 11,7168292555 0,070118 0,312853 0,298554 0,306546 S
493,0 2,21992070485 6,2764809025 12,0368364323 0,070735 0,316246 0,301833 0,310161 N
184,0 2,08334597843 6,38126658261 11,7829305752 0,0707417 0,31355 0,299249 0,307299 S
275,0 2,0 6,44973754248 11,7628180458 0,0707417 0,31355 0,299249 0,307299 S
887,0 2,43298019541 5,53832744909 11,8321497111 0,07126 0,314152 0,299831 0,307934 N
54,0 2,3813085277 5,61857758655 11,3490160456 0,0716143 0,309822 0,29556 0,303291 S
163,0 2,06630562088 5,86073419275 11,330124621 0,0716143 0,309822 0,29556 0,303291 S
332,0 2,0 5,67675270694 11,3444799798 0,0716143 0,309822 0,29556 0,303291 S
575,0 2,14821832677 5,71996806033 11,3118553507 0,0716143 0,309822 0,29556 0,303291 S
652,0 2,45801722982 5,70941724928 11,3259162937 0,0716143 0,309822 0,29556 0,303291 S
881,0 2,00371040779 6,13759530462 11,2880708625 0,0716143 0,309822 0,29556 0,303291 S
929,0 2,0 6,16067308238 11,4218801236 0,0729346 0,310235 0,295991 0,303766 S
487,0 2,06303381727 6,44052409772 11,4967623408 0,0735698 0,311168 0,296897 0,304725 N
136,0 2,0 3,73008444924 9,88383570444 0,0739326 0,291391 0,277405 0,288093 S
297,0 2,29111745379 4,33149228511 9,91027685153 0,0739326 0,291391 0,277405 0,288093 S
389,0 2,0 3,86120951135 9,8871089097 0,0739326 0,291391 0,277405 0,288093 S
444,0 2,0 4,28728866437 9,88451630794 0,0739326 0,291391 0,277405 0,288093 S
603,0 2,0 4,41853827546 9,91479234911 0,0739326 0,291391 0,277405 0,288093 S
939,0 2,00424976091 4,11675639115 9,89720488315 0,0739326 0,291391 0,277405 0,288093 S
18,0 2,0 4,39190873688 10,0478678135 0,0743408 0,293002 0,278926 0,289825 S
731,0 2,02645925032 3,6653055371 10,0343339775 0,0743408 0,293002 0,278926 0,289825 S
542,0 5,20527796119 3,11049756181 7,67162409306 0,0749698 0,302866 0,290854 0,30122 N
860,0 2,13438100646 4,01505250231 10,0745018143 0,0750613 0,293276 0,279185 0,290037 N
288,0 2,25014530203 5,8802764939 8,50890520237 0,0757923 0,283061 0,26935 0,27598 S
386,0 2,00562971481 6,22270086224 8,54543046835 0,0757923 0,283061 0,26935 0,27598 S
478,0 2,47026499373 6,1503084122 8,50877425778 0,0757923 0,283061 0,26935 0,27598 S
662,0 2,0 5,9177061764 8,53237707333 0,0757923 0,283061 0,26935 0,27598 S
719,0 2,0 6,11555560168 8,48283697501 0,0757923 0,283061 0,26935 0,27598 S
846,0 2,33226017517 6,45838842646 8,51663357263 0,0757923 0,283061 0,26935 0,27598 S
978,0 2,0 5,60621889213 8,53345368237 0,0757923 0,283061 0,26935 0,27598 S
143,0 2,0 5,79677657537 8,71822362226 0,0762863 0,28594 0,272171 0,278955 S
56,0 2,0 6,3441478886 8,61908918942 0,0767155 0,284043 0,270322 0,27699 S
110,0 2,0 5,57777140095 8,26673285876 0,0768542 0,280124 0,266522 0,272982 S
786,0 2,0 5,75954356677 8,27597616284 0,0768542 0,280124 0,266522 0,272982 S
539,0 2,02025323815 5,54815566988 8,79684436462 0,0769367 0,286597 0,272788 0,279622 N
3,0 2,0 4,41470629593 8,4270921169 0,0777197 0,276049 0,262486 0,271559 N
294,0 2,0 4,22724219382 8,41068638368 0,0777197 0,276049 0,262486 0,271559 S
381,0 2,0 4,33061109737 8,41923898367 0,0777197 0,276049 0,262486 0,271559 S
450,0 2,05938739334 3,99681077 8,42723422085 0,0777197 0,276049 0,262486 0,271559 S
570,0 2,182885123 3,86024852207 8,41567784256 0,0777197 0,276049 0,262486 0,271559 S
657,0 2,17686082483 4,19618888734 8,45334973053 0,0777197 0,276049 0,262486 0,271559 S
879,0 2,02469329441 4,12891041553 8,42590552447 0,0777197 0,276049 0,262486 0,271559 S
514,0 2,0 3,62697722776 8,40696827132 0,0793753 0,275258 0,26177 0,270849 N
775,0 2,26575633182 4,44863722321 8,40674360859 0,0793753 0,275258 0,26177 0,270849 S
988,0 2,1496831192 4,25789484041 8,38239819603 0,0793753 0,275258 0,26177 0,270849 S
46,0 2,0 5,78314616578 8,04438716466 0,0799718 0,277158 0,263589 0,269992 N
102,0 2,0 5,95 7,9997365178 0,0802989 0,276266 0,262741 0,269098 N
269,0 2,30369118544 6,21557162263 8,0138911708 0,0802989 0,276266 0,262741 0,269098 S
856,0 2,0 5,82558136052 8,01464845693 0,0802989 0,276266 0,262741 0,269098 S
471,0 2,0 8,58738529663 7,85180043792 0,0813022 0,275397 0,2635 0,269108 N
695,0 2,0 8,96883757435 7,84554959574 0,0813022 0,275397 0,2635 0,269108 S
1,0 2,0 5,41862291667 7,96548201272 0,0814872 0,265061 0,252916 0,259859 N
152,0 2,00251421455 5,2741420171 7,98527263275 0,0814872 0,265061 0,252916 0,259859 S
256,0 2,17625503131 5,49682710343 7,98748144686 0,0814872 0,265061 0,252916 0,259859 S
528,0 2,0 5,05437873727 8,00631508983 0,0814872 0,265061 0,252916 0,259859 S
641,0 2,15405980768 5,16613345819 7,9895997066 0,0814872 0,265061 0,252916 0,259859 S
895,0 2,0 4,75215899181 7,95424674565 0,0814872 0,265061 0,252916 0,259859 S
967,0 2,11366696011 4,56128103465 7,98525502584 0,0814872 0,265061 0,252916 0,259859 S
777,0 2,0 5,2933507301 7,76557035058 0,0815563 0,262488 0,250409 0,257194 N
405,0 2,47025541484 5,46231630542 7,68016122536 0,0819216 0,261172 0,249146 0,255847 N
187,0 2,0 5,24422103965 7,52574603016 0,0819345 0,258905 0,246942 0,253534 S
480,0 2,44270213706 5,34329251769 7,55503336832 0,0819345 0,258905 0,246942 0,253534 S
588,0 2,14683698072 5,40514826034 7,55219033403 0,0819345 0,258905 0,246942 0,253534 S
674,0 2,03534603964 5,18922111544 7,53025542765 0,0819345 0,258905 0,246942 0,253534 S
798,0 2,0034722676 5,23903959229 7,55782245788 0,0819345 0,258905 0,246942 0,253534 S
872,0 2,0 4,61373380098 7,56532319783 0,0819345 0,258905 0,246942 0,253534 S
997,0 2,27748728249 4,66403523365 7,51367399252 0,0819345 0,258905 0,246942 0,253534 S
4,0 2,0 5,43673954873 7,61629934678 0,082098 0,260247 0,24825 0,254892 N
374,0 2,41521601705 4,79314828368 7,60870267091 0,082098 0,260247 0,24825 0,254892 S
195,0 2,0 6,11521034403 6,91195209853 0,0828915 0,25947 0,246359 0,252558 N
213,0 2,24165032939 6,08013852867 6,92339781368 0,0828915 0,25947 0,246359 0,252558 S
494,0 2,0184325242 5,69727972654 6,8739872845 0,0828915 0,25947 0,246359 0,252558 S
561,0 2,0 5,95 6,89708159442 0,0828915 0,25947 0,246359 0,252558 S
696,0 2,23661183213 5,85288270384 6,86289780334 0,0828915 0,25947 0,246359 0,252558 S
894,0 2,26047643121 6,141991203 6,86123209931 0,0828915 0,25947 0,246359 0,252558 S
39,0 2,06086740394 6,16408999662 5,85132170424 0,0835261 0,241556 0,228856 0,234852 S
172,0 2,09980340201 5,52363520228 5,83476434843 0,0835261 0,241556 0,228856 0,234852 S
470,0 2,36828297099 5,55781242385 5,86744917189 0,0835261 0,241556 0,228856 0,234852 S
566,0 2,01795238355 6,13351749983 5,88445202694 0,0835261 0,241556 0,228856 0,234852 S
690,0 2,03280023233 6,01652095814 5,89158455153 0,0835261 0,241556 0,228856 0,234852 S
891,0 2,22111908333 5,57350711733 5,88298771735 0,0835261 0,241556 0,228856 0,234852 S
234,0 2,161513295 5,20761693113 7,48778556584 0,0837178 0,258099 0,246136 0,252683 N
204,0 2,0 5,88384402596 5,95937962741 0,0843925 0,242943 0,230173 0,236203 S
989,0 2,27922750728 6,42064565595 5,93960122769 0,0843925 0,242943 0,230173 0,236203 S
373,0 2,23160198209 4,55347651132 7,38351544203 0,0844555 0,257442 0,245512 0,252009 N
162,0 2,01975260978 2,9546157055 6,32860487574 0,08464 0,237432 0,226351 0,23574 S
426,0 2,23568484447 3,42130195669 6,30800679394 0,08464 0,237432 0,226351 0,23574 S
581,0 2,0 3,27904883417 6,32453230343 0,08464 0,237432 0,226351 0,23574 S
693,0 2,0 3,42442224253 6,34357036375 0,08464 0,237432 0,226351 0,23574 S
868,0 2,0 3,31252284284 6,33697899126 0,08464 0,237432 0,226351 0,23574 S
916,0 2,0 3,21819702668 6,32117934195 0,08464 0,237432 0,226351 0,23574 S
387,0 2,16990644383 5,74780963025 6,78716478421 0,0847569 0,257979 0,244931 0,251067 N
91,0 2,12647402066 6,25669052744 5,69093229855 0,0853505 0,238491 0,225879 0,231843 S
109,0 2,02794231068 6,25916964214 5,73223466081 0,0853505 0,238491 0,225879 0,231843 S
291,0 2,0 6,35537619126 5,68732639346 0,0853505 0,238491 0,225879 0,231843 S
372,0 2,0 6,46674433312 5,73823597052 0,0853505 0,238491 0,225879 0,231843 S
483,0 2,19572847405 6,31226141465 5,69407132288 0,0853505 0,238491 0,225879 0,231843 S
519,0 2,0 6,0138365266 5,68707986346 0,0853505 0,238491 0,225879 0,231843 S
665,0 2,00369146287 5,76140838703 5,70546932708 0,0853505 0,238491 0,225879 0,231843 S
878,0 2,0 6,03318404147 5,74613694871 0,0853505 0,238491 0,225879 0,231843 S
771,0 2,0 4,5497052327 6,81921566464 0,0854425 0,250546 0,238638 0,245117 N
50,0 2,20526974861 3,36263452505 5,34704957427 0,086452 0,221276 0,210429 0,218658 S
189,0 2,47627504867 3,30331545331 5,35435790401 0,086452 0,221276 0,210429 0,218658 S
255,0 2,23586496828 3,22993780675 5,36032491046 0,086452 0,221276 0,210429 0,218658 S
369,0 2,22803653643 3,36451141295 5,3332525717 0,086452 0,221276 0,210429 0,218658 S
531,0 2,0 3,39244029102 5,36388621101 0,086452 0,221276 0,210429 0,218658 S
643,0 2,0 3,15047543128 5,3367252496 0,086452 0,221276 0,210429 0,218658 S
803,0 2,00868486558 3,33649270957 5,35763487089 0,086452 0,221276 0,210429 0,218658 S
909,0 2,4075924145 3,00326610279 5,33357869071 0,086452 0,221276 0,210429 0,218658 S
407,0 2,08732414892 2,91123270208 5,43138516175 0,0869789 0,22301 0,212148 0,220494 N
744,0 2,04695583043 3,40742845328 5,43672435117 0,0869789 0,22301 0,212148 0,220494 S
723,0 2,0 3,34238086036 5,38666052144 0,0883751 0,222193 0,21133 0,219583 N
36,0 2,02007843388 3,30663318639 5,01687908216 0,0893846 0,215991 0,205144 0,213039 S
280,0 2,45975577176 2,86994359016 5,02021264025 0,0893846 0,215991 0,205144 0,213039 S
337,0 2,20791274182 3,08816961683 5,0082208066 0,0893846 0,215991 0,205144 0,213039 S
404,0 2,0 3,12971090245 5,01275887666 0,0893846 0,215991 0,205144 0,213039 S
540,0 2,03320613289 3,31003112406 4,99764263754 0,0893846 0,215991 0,205144 0,213039 S
673,0 2,0 3,23441125595 5,01509114358 0,0893846 0,215991 0,205144 0,213039 S
711,0 2,0 3,01004493375 5,00827870223 0,0893846 0,215991 0,205144 0,213039 S
855,0 2,0 3,43021342854 4,99750804573 0,0893846 0,215991 0,205144 0,213039 S
953,0 2,0094729054 2,56292032929 4,99506845292 0,0893846 0,215991 0,205144 0,213039 S
140,0 2,40621502062 3,22363738175 5,13363566992 0,0900288 0,217382 0,206558 0,214437 N
177,0 2,27582960789 2,63978345383 4,88715782224 0,0909748 0,212714 0,201909 0,209617 S
298,0 2,0 3,09491281689 4,96763010595 0,0916071 0,214828 0,203994 0,211862 N
319,0 2,08675230655 2,94936177828 4,85799070096 0,0932822 0,212195 0,201372 0,20903 N
486,0 2,15048910892 3,37215098606 4,8509440675 0,0932822 0,212195 0,201372 0,20903 S
796,0 2,0 2,98268974225 4,85660512191 0,0932822 0,212195 0,201372 0,20903 S
880,0 2,32470582652 3,17191957271 4,86627379383 0,0932822 0,212195 0,201372 0,20903 S
961,0 2,17647402459 2,98026963279 4,8639753032 0,0932822 0,212195 0,201372 0,20903 S
526,0 2,0 3,1368814896 4,81280333702 0,0940423 0,210808 0,200041 0,207624 N
45,0 2,0 3,23775537659 4,79323134445 0,0968609 0,210167 0,199387 0,206933 N
241,0 2,0 2,61070464226 4,80102638062 0,0968609 0,210167 0,199387 0,206933 S
667,0 2,0 2,93548797291 4,80231168777 0,0968609 0,210167 0,199387 0,206933 S
178,0 2,0 3,05924148804 4,7385206072 0,0980654 0,209276 0,198493 0,205957 N
322,0 2,0 3,08018707182 4,74464361179 0,0980654 0,209276 0,198493 0,205957 S
415,0 2,1036881846 3,12936002078 4,74781055001 0,0980654 0,209276 0,198493 0,205957 S
753,0 2,33967420088 2,51961483504 4,75632585902 0,0980654 0,209276 0,198493 0,205957 S
800,0 2,33919578349 2,95598064217 4,7623329462 0,0980654 0,209276 0,198493 0,205957 S
948,0 2,20551408614 3,22923225901 4,7309664052 0,0980654 0,209276 0,198493 0,205957 S
10,0 2,0 3,20039173728 4,57184432088 0,0981712 0,205247 0,194535 0,20186 N
190,0 2,27889557879 3,30226631481 4,54265392209 0,0981712 0,205247 0,194535 0,20186 S
286,0 2,0 3,33574882603 4,57608254775 0,0981712 0,205247 0,194535 0,20186 S
390,0 2,49831888611 3,36864699315 4,54253917064 0,0981712 0,205247 0,194535 0,20186 S
446,0 2,0 3,10403415684 4,56424528855 0,0981712 0,205247 0,194535 0,20186 S
548,0 2,32902109839 2,98123577923 4,55498171814 0,0981712 0,205247 0,194535 0,20186 S
653,0 2,0 3,03739417526 4,57123707063 0,0981712 0,205247 0,194535 0,20186 S
858,0 2,00878692925 3,26189268293 4,5733396806 0,0981712 0,205247 0,194535 0,20186 S
970,0 2,17488255617 2,62749274736 4,54314373377 0,0981712 0,205247 0,194535 0,20186 S
34,0 2,27371540823 3,27230858644 4,08287385715 0,0981765 0,193293 0,182853 0,189571 N
165,0 2,4233955147 2,91778550938 4,05432025822 0,0981765 0,193293 0,182853 0,189571 S
274,0 2,15978724278 3,19221887269 4,06458687404 0,0981765 0,193293 0,182853 0,189571 S
388,0 2,0 3,09126796951 4,08036079247 0,0981765 0,193293 0,182853 0,189571 S
437,0 2,0 3,38536110462 4,06990187548 0,0981765 0,193293 0,182853 0,189571 S
517,0 2,48797005699 3,12264167237 4,07784239961 0,0981765 0,193293 0,182853 0,189571 S
651,0 2,03863991994 2,78979431499 4,07039193789 0,0981765 0,193293 0,182853 0,189571 S
773,0 2,41308408311 3,36015724149 4,08918965724 0,0981765 0,193293 0,182853 0,189571 S
853,0 2,25097364805 3,0458528625 4,05493348844 0,0981765 0,193293 0,182853 0,189571 S
943,0 2,49342095244 2,71559924363 4,06886681204 0,0981765 0,193293 0,182853 0,189571 S
992,0 2,16546786574 2,58195375126 4,01884732714 0,101047 0,19153 0,181147 0,187812 N
396,0 2,0336754731 2,77011565373 3,9856954397 0,103705 0,189877 0,179515 0,1861 N
32,0 2,20862539405 2,98987036813 3,93489244499 0,106677 0,187199 0,176912 0,183379 S
133,0 2,11732219109 3,18813254957 3,93910575251 0,106677 0,187199 0,176912 0,183379 S
293,0 2,0 3,23656131423 3,91180348894 0,106677 0,187199 0,176912 0,183379 S
394,0 2,31921523731 2,51259418606 3,93993290367 0,106677 0,187199 0,176912 0,183379 S
427,0 2,0 3,195667001 3,92024591614 0,106677 0,187199 0,176912 0,183379 S
589,0 2,0 3,2303203493 3,93102546408 0,106677 0,187199 0,176912 0,183379 S
624,0 2,03994701264 2,83824214252 3,93411202103 0,106677 0,187199 0,176912 0,183379 S
898,0 2,0 2,81130985167 3,92054497192 0,106677 0,187199 0,176912 0,183379 S
985,0 2,05552297152 3,36279584899 3,90607007706 0,106677 0,187199 0,176912 0,183379 S
722,0 2,41350234568 3,37429712089 3,95811781426 0,108743 0,188735 0,178423 0,184941 N
20,0 2,0 3,36811490983 3,8124588305 0,112399 0,183152 0,173076 0,179443 S
129,0 2,07576034381 2,66404267882 3,82505833107 0,112399 0,183152 0,173076 0,179443 S
263,0 2,12441808057 3,2331442611 3,81906083992 0,112399 0,183152 0,173076 0,179443 S
395,0 2,0285198746 3,42752897026 3,80435451223 0,112399 0,183152 0,173076 0,179443 S
469,0 2,09335222783 2,67074293979 3,80569685614 0,112399 0,183152 0,173076 0,179443 S
504,0 2,32471159471 2,76967804172 3,80005421699 0,112399 0,183152 0,173076 0,179443 S
606,0 2,0 2,76197415269 3,79369304514 0,112399 0,183152 0,173076 0,179443 S
889,0 2,032747366 3,37566843121 3,82758276525 0,112399 0,183152 0,173076 0,179443 S
972,0 2,0 3,20685192408 3,79921873873 0,112399 0,183152 0,173076 0,179443 S
743,0 2,3587707745 3,21228701448 3,85270193874 0,115116 0,184883 0,174711 0,181106 N
43,0 2,07169424668 3,3711460041 3,63456542103 0,115272 0,177589 0,167514 0,173726 N
115,0 2,23310291124 3,16758036577 3,634237365 0,115272 0,177589 0,167514 0,173726 S
236,0 2,16576117254 3,45387789961 3,62235447388 0,115272 0,177589 0,167514 0,173726 S
359,0 2,11496314674 2,71727043328 3,61176259324 0,115272 0,177589 0,167514 0,173726 S
438,0 2,028730356 2,88167359806 3,63425956262 0,115272 0,177589 0,167514 0,173726 S
515,0 2,2328505773 3,00285695174 3,62058282514 0,115272 0,177589 0,167514 0,173726 S
630,0 2,0 3,37075677435 3,6198900078 0,115272 0,177589 0,167514 0,173726 S
742,0 2,0 3,38272000902 3,6336541509 0,115272 0,177589 0,167514 0,173726 S
851,0 2,15574491203 3,06595903558 3,61052915456 0,115272 0,177589 0,167514 0,173726 S
910,0 2,16024921997 2,7084327577 3,61358417024 0,115272 0,177589 0,167514 0,173726 S
82,0 2,16959296692 2,55848265742 3,54014931968 0,116835 0,174949 0,164953 0,171076 N
103,0 2,20096347386 3,22384157365 3,49753256142 0,120246 0,172834 0,162913 0,168983 N
227,0 2,01626658847 2,88578918644 3,49131032262 0,120246 0,172834 0,162913 0,168983 S
349,0 2,10442284966 2,98460317385 3,49792935279 0,120246 0,172834 0,162913 0,168983 S
436,0 2,0 2,83686345148 3,51071546049 0,120246 0,172834 0,162913 0,168983 S
552,0 2,27966098074 2,68996105335 3,51021096481 0,120246 0,172834 0,162913 0,168983 S
668,0 2,0 2,57264400521 3,52819730513 0,120246 0,172834 0,162913 0,168983 S
759,0 2,21033082919 3,27770101337 3,51882159683 0,120246 0,172834 0,162913 0,168983 S
861,0 2,00147153141 2,5259975335 3,50760845303 0,120246 0,172834 0,162913 0,168983 S
920,0 2,13205597627 2,56903017492 3,4966210466 0,120246 0,172834 0,162913 0,168983 S
228,0 2,25026290146 3,03839927835 3,42655439329 0,124204 0,170172 0,160381 0,166356 N
463,0 2,0 3,24757699832 3,449990605 0,124204 0,170172 0,160381 0,166356 S
89,0 2,15404413457 3,42039949464 3,39144518636 0,12493 0,168913 0,159211 0,165154 N
123,0 2,15227815947 2,89518929074 3,40631034809 0,12493 0,168913 0,159211 0,165154 S
306,0 2,08384845302 2,60131932696 3,39207025079 0,12493 0,168913 0,159211 0,165154 S
550,0 2,0 2,90804460584 3,41172449244 0,12493 0,168913 0,159211 0,165154 S
679,0 2,00605555516 3,35702268356 3,41334020125 0,12493 0,168913 0,159211 0,165154 S
767,0 2,0 3,34135130581 3,3979781624 0,12493 0,168913 0,159211 0,165154 S
865,0 2,01310247147 3,37768213625 3,39316520155 0,12493 0,168913 0,159211 0,165154 S
950,0 2,0 2,73664240847 3,40800338294 0,12493 0,168913 0,159211 0,165154 S
77,0 2,0 3,34947323397 3,32844054002 0,126974 0,164821 0,155251 0,1611 N
118,0 2,29604146224 2,69915428134 3,33988740951 0,126974 0,164821 0,155251 0,1611 S
268,0 2,21660936626 3,19414823551 3,33926737874 0,126974 0,164821 0,155251 0,1611 S
305,0 2,34322976779 3,08059152492 3,30778423197 0,126974 0,164821 0,155251 0,1611 S
451,0 2,13979386609 2,54900225275 3,30546815734 0,126974 0,164821 0,155251 0,1611 S
640,0 2,0 3,29028599057 3,3362797312 0,126974 0,164821 0,155251 0,1611 S
741,0 2,10526093187 2,97475703624 3,31829708865 0,126974 0,164821 0,155251 0,1611 S
818,0 2,0953416913 3,34031414584 3,32937602947 0,126974 0,164821 0,155251 0,1611 S
906,0 2,0 2,84091425846 3,32612582431 0,126974 0,164821 0,155251 0,1611 S
506,0 2,40371342422 2,91292231686 3,28422335333 0,128863 0,163309 0,153766 0,159582 N
73,0 2,0 2,7931153213 3,25004004447 0,132968 0,161921 0,152441 0,158221 N
266,0 2,0 2,80897774233 3,22859011419 0,132968 0,161921 0,152441 0,158221 S
376,0 2,0 3,37188240114 3,25812734156 0,132968 0,161921 0,152441 0,158221 S
475,0 2,27688222912 3,06533322833 3,23328034892 0,132968 0,161921 0,152441 0,158221 S
691,0 2,33842369563 3,00693007204 3,2505507283 0,132968 0,161921 0,152441 0,158221 S
729,0 2,13183629339 3,05332983091 3,25995576518 0,132968 0,161921 0,152441 0,158221 S
854,0 2,0 3,06572834755 3,22826612373 0,132968 0,161921 0,152441 0,158221 S
942,0 2,0 3,11873903761 3,24214896197 0,132968 0,161921 0,152441 0,158221 S
127,0 2,09520659362 2,64760852099 3,22486879942 0,133743 0,160163 0,150728 0,156419 N
17,0 2,00367186401 2,80221840085 3,15511690905 0,135205 0,158179 0,148785 0,154395 N
259,0 2,34059725688 3,0878814978 3,1535520216 0,135205 0,158179 0,148785 0,154395 S
357,0 2,06446400151 2,83255848187 3,15732759779 0,135205 0,158179 0,148785 0,154395 S
409,0 2,0 2,72621333984 3,18855364069 0,135205 0,158179 0,148785 0,154395 S
505,0 2,29732473793 2,97435858121 3,16247419647 0,135205 0,158179 0,148785 0,154395 S
687,0 2,12830167912 3,07832847538 3,1786795339 0,135205 0,158179 0,148785 0,154395 S
785,0 2,0 3,25399457886 3,16183875778 0,135205 0,158179 0,148785 0,154395 S
838,0 2,1355435926 3,14095916321 3,17490098149 0,135205 0,158179 0,148785 0,154395 S
911,0 2,0 3,04384085193 3,17308971399 0,135205 0,158179 0,148785 0,154395 S
9,0 2,0 2,75133213955 3,07601843194 0,137675 0,152972 0,143908 0,149285 S
250,0 2,0 3,28385291218 3,07131497454 0,137675 0,152972 0,143908 0,149285 S
331,0 2,12520583395 3,34020356984 3,05282509948 0,137675 0,152972 0,143908 0,149285 S
442,0 2,01486702499 3,02724084879 3,04941171326 0,137675 0,152972 0,143908 0,149285 S
522,0 2,0 2,79533504402 3,04856553534 0,137675 0,152972 0,143908 0,149285 S
654,0 2,25005656696 2,79570562274 3,04508798904 0,137675 0,152972 0,143908 0,149285 S
783,0 2,12456942078 2,88817296558 3,05166884363 0,137675 0,152972 0,143908 0,149285 S
845,0 2,13379838977 2,93652637601 3,04091243259 0,137675 0,152972 0,143908 0,149285 S
936,0 2,16735527531 2,86304558628 3,05520332899 0,137675 0,152972 0,143908 0,149285 S
106,0 2,0 2,89028348135 3,11964708745 0,137987 0,15621 0,146931 0,152445 N
131,0 2,07276391288 2,62157814674 3,03190160963 0,141845 0,151186 0,142191 0,147534 N
86,0 2,31343601489 2,54970145668 2,9958936312 0,14586 0,149059 0,140118 0,145438 N
210,0 2,1368888725 3,26793358775 2,99965516872 0,14586 0,149059 0,140118 0,145438 S
338,0 2,3409841116 3,05702754955 3,00040749756 0,14586 0,149059 0,140118 0,145438 S
488,0 2,41007244112 3,41261503321 2,96893204589 0,14586 0,149059 0,140118 0,145438 S
596,0 2,49594385801 3,4727164312 2,97659284522 0,14586 0,149059 0,140118 0,145438 S
697,0 2,0 2,60234949675 2,97432918278 0,14586 0,149059 0,140118 0,145438 S
863,0 2,19519139652 2,62588141502 3,00246831535 0,14586 0,149059 0,140118 0,145438 S
935,0 2,01262292316 3,06154640413 2,9852100889 0,14586 0,149059 0,140118 0,145438 S
747,0 2,2596329675 2,94249621659 2,95322617574 0,146119 0,147605 0,138739 0,144015 N
78,0 2,09183831294 3,10642027685 2,89801274365 0,15009 0,145706 0,136892 0,142111 N
160,0 2,0088329722 2,968852901 2,91210777655 0,15009 0,145706 0,136892 0,142111 S
244,0 2,0 3,48511905251 2,92606301217 0,15009 0,145706 0,136892 0,142111 S
341,0 2,0 2,69571358537 2,91622652053 0,15009 0,145706 0,136892 0,142111 S
482,0 2,06498831869 2,7876253676 2,91397864291 0,15009 0,145706 0,136892 0,142111 S
586,0 2,0 3,33079446505 2,90988385618 0,15009 0,145706 0,136892 0,142111 S
627,0 2,3391817633 2,85707398809 2,89959954139 0,15009 0,145706 0,136892 0,142111 S
763,0 2,08597328594 2,90492471509 2,9008869878 0,15009 0,145706 0,136892 0,142111 S
819,0 2,02404612554 3,06230749793 2,91000088934 0,15009 0,145706 0,136892 0,142111 S
930,0 2,11126603084 2,83944696123 2,90662051264 0,15009 0,145706 0,136892 0,142111 S
72,0 2,29151688512 2,60397424846 2,75980332202 0,15052 0,138807 0,130323 0,135222 N
130,0 2,01325018467 2,59494125931 2,76158390763 0,15052 0,138807 0,130323 0,135222 S
240,0 2,00252188388 3,28268829408 2,76296433848 0,15052 0,138807 0,130323 0,135222 S
316,0 2,49011826098 2,77074153032 2,76926273688 0,15052 0,138807 0,130323 0,135222 S
421,0 2,2336871584 2,89001812102 2,7744163824 0,15052 0,138807 0,130323 0,135222 S
567,0 2,03245983657 2,67169703737 2,74027902081 0,15052 0,138807 0,130323 0,135222 S
617,0 2,4354827483 2,81590853923 2,74717382934 0,15052 0,138807 0,130323 0,135222 S
755,0 2,0 3,16407207679 2,74207085407 0,15052 0,138807 0,130323 0,135222 S
810,0 2,20621788228 2,6063996584 2,7446273802 0,15052 0,138807 0,130323 0,135222 S
934,0 2,06334740505 3,33131346676 2,76976458607 0,15052 0,138807 0,130323 0,135222 S
42,0 2,0 2,91982020856 2,67749869778 0,151622 0,134534 0,126169 0,130984 N
235,0 2,0 3,14433245215 2,69440732015 0,151622 0,134534 0,126169 0,130984 S
311,0 2,02615863518 3,27082665742 2,68761826996 0,151622 0,134534 0,126169 0,130984 S
556,0 2,00145972787 2,58940285122 2,67043540377 0,151622 0,134534 0,126169 0,130984 S
733,0 2,36747093425 3,38402495873 2,69749046471 0,151622 0,134534 0,126169 0,130984 S
857,0 2,01075136702 2,65964322318 2,67456988921 0,151622 0,134534 0,126169 0,130984 S
907,0 2,24563474191 2,71330816056 2,69411739966 0,151622 0,134534 0,126169 0,130984 S
122,0 2,0 2,90702876671 2,64758257343 0,159517 0,133691 0,12534 0,130156 N
479,0 2,0 2,60830851997 2,65123454062 0,159517 0,133691 0,12534 0,130156 S
628,0 2,0 3,27722272845 2,64109775034 0,159517 0,133691 0,12534 0,130156 S
57,0 2,00051140039 3,1994883842 2,59888888505 0,160515 0,132057 0,123734 0,128521 N
246,0 2,43197128511 2,57907313651 2,60388702998 0,160515 0,132057 0,123734 0,128521 S
334,0 2,17300424456 3,20571709819 2,61540345928 0,160515 0,132057 0,123734 0,128521 S
547,0 2,11384570639 3,14707368566 2,60842922756 0,160515 0,132057 0,123734 0,128521 S
726,0 2,25504193294 2,6481031687 2,59374493026 0,160515 0,132057 0,123734 0,128521 S
826,0 2,0 3,28208468866 2,61752732305 0,160515 0,132057 0,123734 0,128521 S
913,0 2,00246696789 2,97878545569 2,60813343809 0,160515 0,132057 0,123734 0,128521 S
138,0 2,09222662449 3,0477558529 2,55647560654 0,168326 0,130234 0,121997 0,126759 N
429,0 2,42715213883 3,37109199391 2,56054848807 0,168326 0,130234 0,121997 0,126759 S
602,0 2,0 2,92522589333 2,56687414015 0,168326 0,130234 0,121997 0,126759 S
68,0 2,0580701512 3,19204141837 2,5461703968 0,170373 0,128765 0,120523 0,125241 N
272,0 2,19653312656 2,76627202426 2,55079267288 0,170373 0,128765 0,120523 0,125241 S
375,0 2,0 3,11693005997 2,54977295056 0,170373 0,128765 0,120523 0,125241 S
545,0 2,02462710134 2,59217924472 2,52323743409 0,170373 0,128765 0,120523 0,125241 S
779,0 2,0066504501 3,00383402639 2,53555457015 0,170373 0,128765 0,120523 0,125241 S
811,0 2,22583727519 2,5927887141 2,51607591327 0,170373 0,128765 0,120523 0,125241 S
968,0 2,28778459965 3,24218447833 2,53634574784 0,170373 0,128765 0,120523 0,125241 S
55,0 2,0088239724 2,855969587 2,45672191039 0,17349 0,124533 0,116481 0,121125 N
157,0 2,40717291605 2,77724861665 2,4608570759 0,17349 0,124533 0,116481 0,121125 S
237,0 2,08234890168 2,91180936253 2,47120789247 0,17349 0,124533 0,116481 0,121125 S
368,0 2,0 2,80857744589 2,44399490249 0,17349 0,124533 0,116481 0,121125 S
466,0 2,08286173433 2,58649886018 2,44530812538 0,17349 0,124533 0,116481 0,121125 S
534,0 2,20436520097 3,0261629121 2,467339271 0,17349 0,124533 0,116481 0,121125 S
626,0 2,20770102082 2,55779432434 2,47323343677 0,17349 0,124533 0,116481 0,121125 S
772,0 2,0 2,62346148626 2,46866409768 0,17349 0,124533 0,116481 0,121125 S
844,0 2,0 2,70296049157 2,44998175415 0,17349 0,124533 0,116481 0,121125 S
914,0 2,05974769562 2,5969018214 2,44371887306 0,17349 0,124533 0,116481 0,121125 S
411,0 2,0 2,61331089421 2,43629302451 0,178669 0,122601 0,114592 0,119211 N
23,0 2,10303671929 2,51009572145 2,37596020068 0,179921 0,120637 0,112692 0,117259 N
161,0 2,01236707475 2,9604996569 2,38071874846 0,179921 0,120637 0,112692 0,117259 S
222,0 2,0 2,71728461583 2,37611304042 0,179921 0,120637 0,112692 0,117259 S
308,0 2,02326242482 3,13282853655 2,3933333841 0,179921 0,120637 0,112692 0,117259 S
551,0 2,25043698005 3,00057726515 2,384006142 0,179921 0,120637 0,112692 0,117259 S
620,0 2,36236400119 2,93162008032 2,39950972474 0,179921 0,120637 0,112692 0,117259 S
787,0 2,22243625086 2,87285676533 2,38962764872 0,179921 0,120637 0,112692 0,117259 S
843,0 2,0 3,49758788665 2,36972398023 0,179921 0,120637 0,112692 0,117259 S
925,0 2,0 2,64984121191 2,39159856994 0,179921 0,120637 0,112692 0,117259 S
84,0 2,16254287412 2,54421481244 2,36363878304 0,188776 0,11819 0,110339 0,11481 N
120,0 2,43648400666 3,02879209842 2,34882331893 0,188776 0,11819 0,110339 0,11481 S
247,0 2,12945737273 2,94273926181 2,36409183193 0,188776 0,11819 0,110339 0,11481 S
336,0 2,34188427022 2,91672051609 2,33698553186 0,188776 0,11819 0,110339 0,11481 S
435,0 2,31968944006 3,47091552384 2,34233567772 0,188776 0,11819 0,110339 0,11481 S
572,0 2,0 3,34602695709 2,35555734036 0,188776 0,11819 0,110339 0,11481 S
629,0 2,18281218159 2,59108744711 2,35044514399 0,188776 0,11819 0,110339 0,11481 S
750,0 2,00508644135 2,98721694656 2,33985227563 0,188776 0,11819 0,110339 0,11481 S
841,0 2,0 3,07423955286 2,35256794283 0,188776 0,11819 0,110339 0,11481 S
924,0 2,11789746792 2,59184742783 2,35686289016 0,188776 0,11819 0,110339 0,11481 S
19,0 2,0 3,31513136536 2,27289241865 0,198626 0,113849 0,106283 0,110508 N
126,0 2,22870152982 3,4809413707 2,28618651351 0,198626 0,113849 0,106283 0,110508 S
239,0 2,27038615563 2,98754231906 2,27046795627 0,198626 0,113849 0,106283 0,110508 S
307,0 2,10400138518 3,04857598385 2,25535645614 0,198626 0,113849 0,106283 0,110508 S
419,0 2,06004788182 3,39378725383 2,28646987504 0,198626 0,113849 0,106283 0,110508 S
507,0 2,00802921125 2,53393894381 2,26498424204 0,198626 0,113849 0,106283 0,110508 S
650,0 2,01062137918 2,76590822091 2,26388948918 0,198626 0,113849 0,106283 0,110508 S
714,0 2,46978187344 2,65282502318 2,28766681254 0,198626 0,113849 0,106283 0,110508 S
834,0 2,0 3,16951457347 2,25606235554 0,198626 0,113849 0,106283 0,110508 S
918,0 2,13684092365 2,79786820824 2,25919584561 0,198626 0,113849 0,106283 0,110508 S
16,0 2,0 2,70782885467 2,18556239805 0,203667 0,110207 0,102788 0,106933 N
151,0 2,08167173949 2,93112369604 2,20716784314 0,203667 0,110207 0,102788 0,106933 S
249,0 2,04092305608 3,30531912108 2,19311137659 0,203667 0,110207 0,102788 0,106933 S
325,0 2,11327513307 3,01103137998 2,20819056719 0,203667 0,110207 0,102788 0,106933 S
489,0 2,29474311857 3,18542797988 2,18897405674 0,203667 0,110207 0,102788 0,106933 S
529,0 2,28919532371 2,75598627225 2,19402226184 0,203667 0,110207 0,102788 0,106933 S
618,0 2,30274855666 2,5904059557 2,2129849691 0,203667 0,110207 0,102788 0,106933 S
758,0 2,44529593425 2,70049122253 2,18434996422 0,203667 0,110207 0,102788 0,106933 S
839,0 2,0 2,79748629855 2,21462383236 0,203667 0,110207 0,102788 0,106933 S
917,0 2,08378333047 2,78628929002 2,17793024212 0,203667 0,110207 0,102788 0,106933 S
156,0 2,0 3,97805147208 2,10433011343 0,216118 0,10871 0,101138 0,10519 N
233,0 2,25095588891 3,95034858344 2,08245159739 0,216118 0,10871 0,101138 0,10519 S
688,0 2,0 3,79397616975 2,10839823694 0,216118 0,10871 0,101138 0,10519 S
764,0 2,0 4,43469842455 2,09246710489 0,216118 0,10871 0,101138 0,10519 S
807,0 2,0 3,83544946137 2,10452824267 0,216118 0,10871 0,101138 0,10519 S
940,0 2,0 3,78869039781 2,09823050447 0,216118 0,10871 0,101138 0,10519 S
85,0 2,31216665549 2,57962549205 2,13869778413 0,224032 0,106717 0,0993644 0,103488 N
353,0 2,0 3,23106866299 2,11622594653 0,224032 0,106717 0,0993644 0,103488 S
492,0 2,16787820363 2,99282367667 2,11559687164 0,224032 0,106717 0,0993644 0,103488 S
546,0 2,2940745656 2,76146882267 2,10480963246 0,224032 0,106717 0,0993644 0,103488 S
75,0 2,07683134558 4,25220376277 1,99752989852 0,225237 0,103556 0,0962358 0,100191 S
206,0 2,16041774849 4,13401983276 1,99096290178 0,225237 0,103556 0,0962358 0,100191 S
382,0 2,11211388185 3,89420281528 1,97578522866 0,225237 0,103556 0,0962358 0,100191 S
477,0 2,18678090557 3,5060935537 2,01111215013 0,225237 0,103556 0,0962358 0,100191 S
580,0 2,18468782061 3,66597423056 1,99309129961 0,225237 0,103556 0,0962358 0,100191 S
670,0 2,24429757966 3,61436340407 2,00109134373 0,225237 0,103556 0,0962358 0,100191 S
831,0 2,35682061751 4,33212618318 2,00538536934 0,225237 0,103556 0,0962358 0,100191 S
955,0 2,0 3,8950489295 1,9963315117 0,225237 0,103556 0,0962358 0,100191 S
752,0 2,19200363541 3,68082751778 2,05457006729 0,228357 0,106082 0,0985937 0,10263 N
185,0 3,92800469363 2,84308973441 1,92864636694 0,22998 0,105569 0,0977002 0,101977 N
270,0 2,07544554798 4,12977895929 1,93232972739 0,233059 0,0996674 0,0926076 0,0963737 S
398,0 2,0 4,45241917069 1,96084877738 0,233059 0,0996674 0,0926076 0,0963737 S
473,0 2,0 4,49886354897 1,95744036362 0,233059 0,0996674 0,0926076 0,0963737 S
680,0 2,4325808297 4,02281743745 1,92637736887 0,233059 0,0996674 0,0926076 0,0963737 S
814,0 2,0 4,14636534971 1,93874919215 0,233059 0,0996674 0,0926076 0,0963737 S
973,0 2,0 3,77781773547 1,92125342443 0,233059 0,0996674 0,0926076 0,0963737 S
778,0 2,20034732558 2,95622634186 2,05250835305 0,234032 0,102608 0,0954123 0,0994415 N
53,0 2,04421245562 2,93007313253 1,99410562164 0,234408 0,0996483 0,0925625 0,096537 N
148,0 2,35805842873 2,54490782897 1,98995116251 0,234408 0,0996483 0,0925625 0,096537 S
536,0 2,13105774981 3,39595744529 2,00072324162 0,234408 0,0996483 0,0925625 0,096537 S
765,0 2,45733226638 3,27901615835 2,01043819874 0,234408 0,0996483 0,0925625 0,096537 S
58,0 2,0 3,97266923607 1,88120768276 0,240396 0,0963653 0,0894962 0,0931382 N
273,0 2,10791421794 3,77496138727 1,90850551959 0,240396 0,0963653 0,0894962 0,0931382 S
371,0 2,02008707958 3,98348620679 1,90671684708 0,240396 0,0963653 0,0894962 0,0931382 S
455,0 2,0443343121 3,69996170456 1,90158297758 0,240396 0,0963653 0,0894962 0,0931382 S
592,0 2,21307879598 3,54620899084 1,88444172112 0,240396 0,0963653 0,0894962 0,0931382 S
633,0 2,16212386199 4,37321320602 1,89329711947 0,240396 0,0963653 0,0894962 0,0931382 S
745,0 2,0 4,45204023758 1,87863462104 0,240396 0,0963653 0,0894962 0,0931382 S
815,0 2,21497039205 4,10210748785 1,88413911603 0,240396 0,0963653 0,0894962 0,0931382 S
932,0 2,0 3,62973081756 1,87588174887 0,240396 0,0963653 0,0894962 0,0931382 S
25,0 2,0 2,70932079092 1,80998124098 0,244 0,0905206 0,083824 0,0875545 N
144,0 2,0 2,60161859246 1,80615420768 0,244 0,0905206 0,083824 0,0875545 S
232,0 2,00181575852 3,43235009872 1,82819629545 0,244 0,0905206 0,083824 0,0875545 S
343,0 2,04739582356 3,12603234728 1,83181785111 0,244 0,0905206 0,083824 0,0875545 S
454,0 2,0 2,5388126504 1,80793937471 0,244 0,0905206 0,083824 0,0875545 S
554,0 2,19263025625 2,75713960306 1,82813397727 0,244 0,0905206 0,083824 0,0875545 S
625,0 2,03745689912 2,77284167342 1,82928051223 0,244 0,0905206 0,083824 0,0875545 S
732,0 2,0 3,20503866051 1,83911881273 0,244 0,0905206 0,083824 0,0875545 S
837,0 2,06100810689 2,51973250355 1,80316219864 0,244 0,0905206 0,083824 0,0875545 S
905,0 2,0 2,80945695765 1,80756621018 0,244 0,0905206 0,083824 0,0875545 S
33,0 2,0 3,32590587691 1,76706016276 0,258499 0,0886514 0,081945 0,0856682 N
153,0 2,40945948463 2,64650033572 1,79211701596 0,258499 0,0886514 0,081945 0,0856682 S
207,0 2,13592620296 3,1028603712 1,79555152866 0,258499 0,0886514 0,081945 0,0856682 S
312,0 2,01602456318 2,73575855784 1,78370877927 0,258499 0,0886514 0,081945 0,0856682 S
448,0 2,0116225048 2,76320782472 1,77499947483 0,258499 0,0886514 0,081945 0,0856682 S
533,0 2,05779974897 2,73035030913 1,77609527186 0,258499 0,0886514 0,081945 0,0856682 S
623,0 2,0 2,92798640001 1,7752498583 0,258499 0,0886514 0,081945 0,0856682 S
754,0 2,43892425947 2,78889188786 1,77664084338 0,258499 0,0886514 0,081945 0,0856682 S
828,0 2,0 3,47356355223 1,76981680976 0,258499 0,0886514 0,081945 0,0856682 S
921,0 2,0 2,5164610781 1,76469862644 0,258499 0,0886514 0,081945 0,0856682 S
31,0 2,0 2,54897679943 1,73836884281 0,264974 0,0864215 0,0797893 0,0834688 N
150,0 2,12558700198 3,40935773196 1,74068757838 0,264974 0,0864215 0,0797893 0,0834688 S
217,0 2,04315695179 2,79269722094 1,74228718338 0,264974 0,0864215 0,0797893 0,0834688 S
360,0 2,07842284674 3,16587952599 1,74540723569 0,264974 0,0864215 0,0797893 0,0834688 S
408,0 2,16834057397 2,79723033972 1,75708648996 0,264974 0,0864215 0,0797893 0,0834688 S
553,0 2,13972121226 2,57879236472 1,73192417655 0,264974 0,0864215 0,0797893 0,0834688 S
613,0 2,00823653837 2,82528748145 1,7384169233 0,264974 0,0864215 0,0797893 0,0834688 S
780,0 2,0 3,16758915391 1,76223638062 0,264974 0,0864215 0,0797893 0,0834688 S
816,0 2,00349348236 2,50783285555 1,73993477687 0,264974 0,0864215 0,0797893 0,0834688 S
971,0 2,0 2,8628717307 1,75595500679 0,264974 0,0864215 0,0797893 0,0834688 S
69,0 2,15378301468 2,67006768683 1,6346154359 0,267809 0,0797979 0,0735224 0,0769657 N
124,0 2,0 3,01222668193 1,63740153106 0,267809 0,0797979 0,0735224 0,0769657 S
248,0 2,39040853319 2,63019739962 1,62674553553 0,267809 0,0797979 0,0735224 0,0769657 S
333,0 2,01045986308 3,1394231636 1,62153373313 0,267809 0,0797979 0,0735224 0,0769657 S
459,0 2,0 3,41919050837 1,62938115024 0,267809 0,0797979 0,0735224 0,0769657 S
503,0 2,20051216235 3,02315090985 1,61585979219 0,267809 0,0797979 0,0735224 0,0769657 S
615,0 2,0 2,95821186769 1,621806311 0,267809 0,0797979 0,0735224 0,0769657 S
760,0 2,0483460538 3,21882409539 1,63525869743 0,267809 0,0797979 0,0735224 0,0769657 S
829,0 2,04656152781 2,84684883303 1,62227199893 0,267809 0,0797979 0,0735224 0,0769657 S
922,0 2,18862147486 2,53794246989 1,61602866999 0,267809 0,0797979 0,0735224 0,0769657 S
6,0 2,1619358668 2,0 1,58883205633 0,287121 0,0769226 0,0706469 0,0743688 N
167,0 2,17072349486 2,35287175361 1,60295671745 0,287121 0,0769226 0,0706469 0,0743688 S
208,0 2,0 2,0 1,60879471397 0,287121 0,0769226 0,0706469 0,0743688 S
326,0 2,17172341269 2,03710107446 1,60671243049 0,287121 0,0769226 0,0706469 0,0743688 S
476,0 2,14210375036 2,46500506548 1,60427732918 0,287121 0,0769226 0,0706469 0,0743688 S
520,0 2,03541051388 2,40626631789 1,60251978483 0,287121 0,0769226 0,0706469 0,0743688 S
664,0 2,0 2,0 1,58708818492 0,287121 0,0769226 0,0706469 0,0743688 S
792,0 2,06423726825 2,36085310268 1,59092494719 0,287121 0,0769226 0,0706469 0,0743688 S
871,0 2,29069189757 2,16041649141 1,60396102673 0,287121 0,0769226 0,0706469 0,0743688 S
977,0 2,21017920315 2,23678814976 1,60505145782 0,287121 0,0769226 0,0706469 0,0743688 S
66,0 2,13179623959 2,55850528834 1,5641171023 0,291379 0,0744267 0,0684499 0,0716564 S
348,0 2,01142754814 2,72354551319 1,54347299994 0,291379 0,0744267 0,0684499 0,0716564 S
521,0 2,26451922752 2,69710297393 1,57239631464 0,291379 0,0744267 0,0684499 0,0716564 S
740,0 2,0 2,69786777028 1,53915673579 0,291379 0,0744267 0,0684499 0,0716564 S
835,0 2,03581278204 2,70128042611 1,56878120952 0,291379 0,0744267 0,0684499 0,0716564 S
944,0 2,30599559726 2,59998682994 1,57543126289 0,291379 0,0744267 0,0684499 0,0716564 S
671,0 2,00002477845 2,38333546433 1,58000196605 0,297476 0,0754181 0,0692956 0,0729723 N
125,0 2,0 2,0 1,55504131254 0,300763 0,0734292 0,0672904 0,0708546 N
292,0 2,21618162923 2,45269700723 1,55424534437 0,300763 0,0734292 0,0672904 0,0708546 S
430,0 2,25146713913 2,0 1,56052980789 0,300763 0,0734292 0,0672904 0,0708546 S
52,0 2,0 3,1789621652 1,49227705544 0,302547 0,071479 0,0655913 0,0687843 N
350,0 2,00906231566 2,7166048926 1,4867819067 0,302547 0,071479 0,0655913 0,0687843 S
510,0 2,03067789504 2,52192512575 1,4756331705 0,302547 0,071479 0,0655913 0,0687843 S
663,0 2,15803897382 2,82712116081 1,47871877159 0,302547 0,071479 0,0655913 0,0687843 S
725,0 2,0 3,3667132867 1,49492595578 0,302547 0,071479 0,0655913 0,0687843 S
852,0 2,0 2,70921379396 1,46632596073 0,302547 0,071479 0,0655913 0,0687843 S
902,0 2,12873214061 2,77292885411 1,4747689853 0,302547 0,071479 0,0655913 0,0687843 S
128,0 2,35086169291 2,52056439145 1,44254540392 0,305737 0,0695817 0,0637585 0,0670127 N
214,0 2,05097922017 2,64176264319 1,43926089504 0,305737 0,0695817 0,0637585 0,0670127 S
468,0 2,38239342973 2,81616925556 1,44623385241 0,305737 0,0695817 0,0637585 0,0670127 S
40,0 2,0 2,0 1,48516948564 0,312282 0,0694599 0,0635634 0,0670315 N
315,0 2,01107294006 2,19744320798 1,47488558074 0,312282 0,0694599 0,0635634 0,0670315 S
518,0 2,00205067236 2,00234569406 1,48017548254 0,312282 0,0694599 0,0635634 0,0670315 S
658,0 2,0 2,0 1,46919976409 0,312282 0,0694599 0,0635634 0,0670315 S
724,0 2,0 2,0 1,48329544963 0,312282 0,0694599 0,0635634 0,0670315 S
840,0 2,07790257013 2,0 1,48106920877 0,312282 0,0694599 0,0635634 0,0670315 S
908,0 2,0 2,0655810507 1,47772048376 0,312282 0,0694599 0,0635634 0,0670315 S
47,0 2,02419087953 2,707634489 1,42160592761 0,315582 0,065621 0,0601788 0,0631188 N
116,0 2,09866461032 3,15010360833 1,40963264122 0,315582 0,065621 0,0601788 0,0631188 S
218,0 2,34124519656 3,48932753704 1,38965318848 0,315582 0,065621 0,0601788 0,0631188 S
363,0 2,16278989374 2,92329959842 1,42406659162 0,315582 0,065621 0,0601788 0,0631188 S
433,0 2,12804874226 3,01684654837 1,39010740682 0,315582 0,065621 0,0601788 0,0631188 S
509,0 2,38158022442 3,48477740965 1,42204528897 0,315582 0,065621 0,0601788 0,0631188 S
619,0 2,25600378763 3,3048149131 1,38975023089 0,315582 0,065621 0,0601788 0,0631188 S
746,0 2,20829220154 2,56329945099 1,3898739814 0,315582 0,065621 0,0601788 0,0631188 S
804,0 2,0 3,23369409395 1,41683672098 0,315582 0,065621 0,0601788 0,0631188 S
941,0 2,00123642025 3,19309101614 1,39219130352 0,315582 0,065621 0,0601788 0,0631188 S
38,0 2,33603255245 3,25209228891 1,32792087783 0,334522 0,0620888 0,0567531 0,0596328 N
154,0 2,22958022234 2,76318427398 1,31891030483 0,334522 0,0620888 0,0567531 0,0596328 S
211,0 2,32554984204 3,37142632173 1,32100927452 0,334522 0,0620888 0,0567531 0,0596328 S
317,0 2,0 2,77994028437 1,34187937384 0,334522 0,0620888 0,0567531 0,0596328 S
432,0 2,16343503278 3,05505143307 1,33806570688 0,334522 0,0620888 0,0567531 0,0596328 S
513,0 2,27362038327 2,67903882994 1,31740950338 0,334522 0,0620888 0,0567531 0,0596328 S
600,0 2,39004631142 3,26652840899 1,34804881652 0,334522 0,0620888 0,0567531 0,0596328 S
727,0 2,0 3,44888953484 1,35004335487 0,334522 0,0620888 0,0567531 0,0596328 S
812,0 2,19324332893 3,296816828 1,34030006608 0,334522 0,0620888 0,0567531 0,0596328 S
904,0 2,03215575408 2,64894583081 1,34661718286 0,334522 0,0620888 0,0567531 0,0596328 S
24,0 2,05852002703 3,13032089852 1,29923171946 0,341866 0,0589225 0,0539354 0,0566711 N
199,0 2,0910336427 2,83940643527 1,31081833194 0,341866 0,0589225 0,0539354 0,0566711 S
231,0 2,03443230792 2,58847847369 1,31138268625 0,341866 0,0589225 0,0539354 0,0566711 S
364,0 2,0 2,87195094567 1,2882265806 0,341866 0,0589225 0,0539354 0,0566711 S
416,0 2,34676137076 2,85859981499 1,29525554608 0,341866 0,0589225 0,0539354 0,0566711 S
562,0 2,11264938135 2,57389031589 1,30906973877 0,341866 0,0589225 0,0539354 0,0566711 S
635,0 2,10720012146 3,32673171553 1,29702733611 0,341866 0,0589225 0,0539354 0,0566711 S
757,0 2,10151673392 3,30311246585 1,29635267852 0,341866 0,0589225 0,0539354 0,0566711 S
848,0 2,0 2,5371792154 1,30716499706 0,341866 0,0589225 0,0539354 0,0566711 S
951,0 2,23195050841 3,21352661833 1,29140410465 0,341866 0,0589225 0,0539354 0,0566711 S
37,0 2,1582259384 3,22901857412 1,27108655802 0,357528 0,0561818 0,051234 0,0539629 N
186,0 2,15331029136 2,69618895968 1,23931404203 0,357528 0,0561818 0,051234 0,0539629 S
230,0 2,17321930091 2,57708755777 1,24639908231 0,357528 0,0561818 0,051234 0,0539629 S
323,0 2,0 3,1100440635 1,24365442827 0,357528 0,0561818 0,051234 0,0539629 S
464,0 2,19932029774 3,14097436007 1,26364661754 0,357528 0,0561818 0,051234 0,0539629 S
524,0 2,03223165391 2,50321350907 1,26965281581 0,357528 0,0561818 0,051234 0,0539629 S
636,0 2,32432314361 3,08197327418 1,24537131356 0,357528 0,0561818 0,051234 0,0539629 S
718,0 2,29754269447 3,02231760439 1,24877511855 0,357528 0,0561818 0,051234 0,0539629 S
849,0 2,001135889 2,8210558279 1,27289019183 0,357528 0,0561818 0,051234 0,0539629 S
901,0 2,0 2,61282972704 1,25183967525 0,357528 0,0561818 0,051234 0,0539629 S
21,0 2,0 2,88011438265 1,20977573123 0,366692 0,0537357 0,0489777 0,0515024 N
166,0 2,43521833391 2,740707441 1,20444139078 0,366692 0,0537357 0,0489777 0,0515024 S
242,0 2,04990474309 2,56171283646 1,23529571067 0,366692 0,0537357 0,0489777 0,0515024 S
358,0 2,0 2,76995651198 1,23556700273 0,366692 0,0537357 0,0489777 0,0515024 S
456,0 2,0 2,54541048573 1,21281501711 0,366692 0,0537357 0,0489777 0,0515024 S
511,0 2,24556358777 2,7112821389 1,23654108291 0,366692 0,0537357 0,0489777 0,0515024 S
622,0 2,21182158605 2,93506002318 1,20330669763 0,366692 0,0537357 0,0489777 0,0515024 S
784,0 2,33361298394 2,99199338759 1,21134864758 0,366692 0,0537357 0,0489777 0,0515024 S
802,0 2,16454406569 3,18389406914 1,21777852093 0,366692 0,0537357 0,0489777 0,0515024 S
937,0 2,00184225905 2,62963752527 1,20646189508 0,366692 0,0537357 0,0489777 0,0515024 S
63,0 2,00796710321 2,97168861584 1,1432088483 0,379826 0,0495673 0,0451854 0,0476049 N
141,0 2,27612598072 3,21203766411 1,15270574362 0,379826 0,0495673 0,0451854 0,0476049 S
212,0 2,11052711591 3,43198659547 1,1456789735 0,379826 0,0495673 0,0451854 0,0476049 S
361,0 2,0 2,70424578436 1,16038336798 0,379826 0,0495673 0,0451854 0,0476049 S
484,0 2,08821869214 2,50106477024 1,13713739717 0,379826 0,0495673 0,0451854 0,0476049 S
544,0 2,15584473252 3,05258512399 1,13714562823 0,379826 0,0495673 0,0451854 0,0476049 S
609,0 2,0 3,28287805977 1,15047392611 0,379826 0,0495673 0,0451854 0,0476049 S
735,0 2,10850267449 3,00886015908 1,1536931482 0,379826 0,0495673 0,0451854 0,0476049 S
820,0 2,03691854435 2,90380792901 1,14214221849 0,379826 0,0495673 0,0451854 0,0476049 S
933,0 2,07040069248 2,60309183794 1,13423869367 0,379826 0,0495673 0,0451854 0,0476049 S
51,0 2,29578338028 2,71024802666 1,11385295247 0,392391 0,0460724 0,042059 0,0443428 N
104,0 2,0 2,52257785504 1,10174993046 0,392391 0,0460724 0,042059 0,0443428 S
254,0 2,12903277435 2,51013435059 1,10406223168 0,392391 0,0460724 0,042059 0,0443428 S
344,0 2,0 2,88966394883 1,11897204566 0,392391 0,0460724 0,042059 0,0443428 S
424,0 2,21400225359 3,32840134839 1,1135176547 0,392391 0,0460724 0,042059 0,0443428 S
563,0 2,20871732896 2,59313668716 1,09609160496 0,392391 0,0460724 0,042059 0,0443428 S
610,0 2,0 3,46686887886 1,09098545757 0,392391 0,0460724 0,042059 0,0443428 S
737,0 2,0 2,65049485911 1,11236727864 0,392391 0,0460724 0,042059 0,0443428 S
817,0 2,0088269337 2,83285866212 1,10709769095 0,392391 0,0460724 0,042059 0,0443428 S
952,0 2,0 3,41195441763 1,1172386366 0,392391 0,0460724 0,042059 0,0443428 S
83,0 2,03447299479 3,18293322364 1,07038368204 0,405484 0,0433605 0,0395519 0,041603 N
108,0 2,23623268526 3,00316523259 1,06229712152 0,405484 0,0433605 0,0395519 0,041603 S
253,0 2,4701605568 2,68918750349 1,06889019486 0,405484 0,0433605 0,0395519 0,041603 S
379,0 2,33003695339 2,71377539667 1,08806221335 0,405484 0,0433605 0,0395519 0,041603 S
445,0 2,0 3,06089691562 1,07819667534 0,405484 0,0433605 0,0395519 0,041603 S
564,0 2,40802175247 3,17816139084 1,08196282057 0,405484 0,0433605 0,0395519 0,041603 S
621,0 2,0 3,17282678395 1,08022950816 0,405484 0,0433605 0,0395519 0,041603 S
721,0 2,06147370557 3,1894242546 1,07161176462 0,405484 0,0433605 0,0395519 0,041603 S
805,0 2,0 2,90283128417 1,08067703154 0,405484 0,0433605 0,0395519 0,041603 S
947,0 2,12736902287 2,63145438886 1,08650310329 0,405484 0,0433605 0,0395519 0,041603 S
497,0 2,33895126597 3,22988018685 1,03487871597 0,416443 0,0415171 0,0378856 0,0398424 N
734,0 2,08853554393 2,64436218259 1,04881934561 0,416443 0,0415171 0,0378856 0,0398424 S
74,0 2,37429030983 2,62310461375 0,983928616331 0,422673 0,0391384 0,0356485 0,0375976 N
139,0 2,06403953801 2,68946124288 0,99134398871 0,422673 0,0391384 0,0356485 0,0375976 S
221,0 2,07333100397 2,61796921419 1,00439752578 0,422673 0,0391384 0,0356485 0,0375976 S
328,0 2,29923124677 2,78701655003 0,980996514159 0,422673 0,0391384 0,0356485 0,0375976 S
422,0 2,31737739195 2,85314847118 0,987362313863 0,422673 0,0391384 0,0356485 0,0375976 S
523,0 2,10789997888 2,97880406922 1,00278734433 0,422673 0,0391384 0,0356485 0,0375976 S
647,0 2,27658930303 3,10339935725 0,98559402955 0,422673 0,0391384 0,0356485 0,0375976 S
707,0 2,218377974 2,8761430096 0,996098070534 0,422673 0,0391384 0,0356485 0,0375976 S
827,0 2,0 3,48922991656 0,993392295619 0,422673 0,0391384 0,0356485 0,0375976 S
945,0 2,48919444106 2,75117482996 0,980760044472 0,422673 0,0391384 0,0356485 0,0375976 S
28,0 2,0 2,63522271783 0,962874904331 0,441196 0,0358967 0,0326292 0,0344847 N
113,0 2,0 2,69197088603 0,957201742667 0,441196 0,0358967 0,0326292 0,0344847 S
225,0 2,3509116276 2,6326746629 0,941174879696 0,441196 0,0358967 0,0326292 0,0344847 S
339,0 2,01871286657 3,49698944151 0,96764086441 0,441196 0,0358967 0,0326292 0,0344847 S
420,0 2,32608274906 2,87654951455 0,9631179309 0,441196 0,0358967 0,0326292 0,0344847 S
574,0 2,47488619354 3,2478585331 0,951989480423 0,441196 0,0358967 0,0326292 0,0344847 S
608,0 2,03861005807 2,95111878195 0,962537844559 0,441196 0,0358967 0,0326292 0,0344847 S
728,0 2,09137297825 3,29826257033 0,958844403578 0,441196 0,0358967 0,0326292 0,0344847 S
859,0 2,00317404057 2,98852445054 0,973165795989 0,441196 0,0358967 0,0326292 0,0344847 S
946,0 2,04341658129 2,93443781666 0,940805477219 0,441196 0,0358967 0,0326292 0,0344847 S
49,0 2,0 2,68249383498 0,911749739956 0,452317 0,0334806 0,0305298 0,0321478 N
135,0 2,40753496219 2,61173538659 0,903448801663 0,452317 0,0334806 0,0305298 0,0321478 S
289,0 2,47173980099 3,06940940082 0,929458810666 0,452317 0,0334806 0,0305298 0,0321478 S
329,0 2,02567812563 3,13823247945 0,905311666751 0,452317 0,0334806 0,0305298 0,0321478 S
453,0 2,40123670796 2,73095927949 0,918844466445 0,452317 0,0334806 0,0305298 0,0321478 S
512,0 2,05921367883 2,54322120738 0,929660950146 0,452317 0,0334806 0,0305298 0,0321478 S
642,0 2,0 2,99432641978 0,929332109341 0,452317 0,0334806 0,0305298 0,0321478 S
776,0 2,16636990727 2,76976649031 0,935794596663 0,452317 0,0334806 0,0305298 0,0321478 S
867,0 2,06470223974 2,71759901949 0,919361211568 0,452317 0,0334806 0,0305298 0,0321478 S
982,0 2,09287362608 2,76847327028 0,935700221885 0,452317 0,0334806 0,0305298 0,0321478 S
64,0 2,0 2,87615367325 0,886742609153 0,460282 0,0313939 0,0285593 0,0301892 N
146,0 2,04379285337 2,52196145072 0,893123108244 0,460282 0,0313939 0,0285593 0,0301892 S
220,0 2,31704452456 2,76227895099 0,884110719505 0,460282 0,0313939 0,0285593 0,0301892 S
327,0 2,42934247566 2,70637261412 0,895166320481 0,460282 0,0313939 0,0285593 0,0301892 S
428,0 2,312858132 3,32812112557 0,888417193211 0,460282 0,0313939 0,0285593 0,0301892 S
560,0 2,0 2,89377412757 0,899305324626 0,460282 0,0313939 0,0285593 0,0301892 S
631,0 2,16011790691 2,66503496567 0,881339127926 0,460282 0,0313939 0,0285593 0,0301892 S
716,0 2,2586322769 3,18990729928 0,897955709577 0,460282 0,0313939 0,0285593 0,0301892 S
888,0 2,0 2,71443601036 0,86477659513 0,460282 0,0313939 0,0285593 0,0301892 S
954,0 2,29438783636 3,24451744102 0,875705242561 0,460282 0,0313939 0,0285593 0,0301892 S
35,0 2,06131683001 3,05355924972 0,841926825957 0,472741 0,0288693 0,0262626 0,0277464 N
132,0 2,00812501093 2,65976371203 0,830640600106 0,472741 0,0288693 0,0262626 0,0277464 S
205,0 2,3646249185 2,80957376076 0,851286670447 0,472741 0,0288693 0,0262626 0,0277464 S
377,0 2,12154326383 2,78532351544 0,8561265428 0,472741 0,0288693 0,0262626 0,0277464 S
472,0 2,48670871018 2,60365859194 0,841698162335 0,472741 0,0288693 0,0262626 0,0277464 S
541,0 2,19819894491 2,84273798124 0,83289779027 0,472741 0,0288693 0,0262626 0,0277464 S
607,0 2,0 3,28759676956 0,827674823054 0,472741 0,0288693 0,0262626 0,0277464 S
710,0 2,1483364026 2,76162836994 0,835718876063 0,472741 0,0288693 0,0262626 0,0277464 S
821,0 2,22535191467 3,14493440922 0,847094870632 0,472741 0,0288693 0,0262626 0,0277464 S
926,0 2,08510787246 2,76090986995 0,845465141554 0,472741 0,0288693 0,0262626 0,0277464 S
14,0 2,01254202 2,52608271034 0,822686663993 0,483203 0,0264133 0,0241076 0,0254163 S
111,0 2,47761561911 2,7893446817 0,795445566703 0,483203 0,0264133 0,0241076 0,0254163 S
346,0 2,17955145926 2,54106279489 0,822892982748 0,483203 0,0264133 0,0241076 0,0254163 S
443,0 2,1676639146 3,04963152715 0,794464661093 0,483203 0,0264133 0,0241076 0,0254163 S
537,0 2,01850571266 2,5990667299 0,788370443954 0,483203 0,0264133 0,0241076 0,0254163 S
616,0 2,04623861528 2,77807735631 0,820551961281 0,483203 0,0264133 0,0241076 0,0254163 S
712,0 2,0 2,81360508948 0,80331662888 0,483203 0,0264133 0,0241076 0,0254163 S
832,0 2,11136920759 2,50086699128 0,792854046506 0,483203 0,0264133 0,0241076 0,0254163 S
923,0 2,0 2,91148726734 0,794078364032 0,483203 0,0264133 0,0241076 0,0254163 S
296,0 2,0 2,0 0,850876965902 0,490974 0,0271727 0,0247413 0,0262711 N
27,0 2,04383981839 3,13235668388 0,770359000241 0,494502 0,0247892 0,0225578 0,0238702 N
181,0 2,09506870652 2,6133919214 0,76607904968 0,494502 0,0247892 0,0225578 0,0238702 S
283,0 2,10645523221 3,4029800777 0,784383709685 0,494502 0,0247892 0,0225578 0,0238702 S
320,0 2,00794351546 2,61963178176 0,757003034237 0,494502 0,0247892 0,0225578 0,0238702 S
458,0 2,06121204245 3,27550715992 0,771137731013 0,494502 0,0247892 0,0225578 0,0238702 S
559,0 2,07690518985 2,72417497811 0,756545518394 0,494502 0,0247892 0,0225578 0,0238702 S
782,0 2,04114553083 2,82256165763 0,776655801976 0,494502 0,0247892 0,0225578 0,0238702 S
850,0 2,03153101552 2,51329950468 0,761670544109 0,494502 0,0247892 0,0225578 0,0238702 S
919,0 2,0 2,60612090389 0,775089046398 0,494502 0,0247892 0,0225578 0,0238702 S
48,0 2,34679641038 2,84515855064 0,728620775766 0,505156 0,0216592 0,0196863 0,0208914 N
179,0 2,0 2,95745349179 0,742306891164 0,505156 0,0216592 0,0196863 0,0208914 S
282,0 2,01882919805 3,02253193999 0,732368339971 0,505156 0,0216592 0,0196863 0,0208914 S
345,0 2,40449475861 2,99676128535 0,72147083431 0,505156 0,0216592 0,0196863 0,0208914 S
449,0 2,28911699265 3,03329159831 0,736462408654 0,505156 0,0216592 0,0196863 0,0208914 S
549,0 2,15418353984 2,58819711919 0,742714497134 0,505156 0,0216592 0,0196863 0,0208914 S
699,0 2,0 3,2715800195 0,740775253741 0,505156 0,0216592 0,0196863 0,0208914 S
709,0 2,08120696919 2,75502619119 0,745635566145 0,505156 0,0216592 0,0196863 0,0208914 S
866,0 2,00722626585 2,57698473066 0,73721520905 0,505156 0,0216592 0,0196863 0,0208914 S
903,0 2,0 2,97078767532 0,730453435764 0,505156 0,0216592 0,0196863 0,0208914 S
12,0 2,03457479912 3,06456286168 0,683879333277 0,516532 0,0201843 0,0183705 0,0194163 N
137,0 2,0 2,93754692908 0,704059615524 0,516532 0,0201843 0,0183705 0,0194163 S
202,0 2,0 2,62086069463 0,6774911516 0,516532 0,0201843 0,0183705 0,0194163 S
321,0 2,48014116528 2,9620932293 0,711959495697 0,516532 0,0201843 0,0183705 0,0194163 S
403,0 2,0 2,59162855378 0,67670497647 0,516532 0,0201843 0,0183705 0,0194163 S
535,0 2,12989688325 2,98625783088 0,677391604495 0,516532 0,0201843 0,0183705 0,0194163 S
632,0 2,19085359802 2,69961749066 0,70533243863 0,516532 0,0201843 0,0183705 0,0194163 S
791,0 2,0277938561 2,66566571686 0,68948241736 0,516532 0,0201843 0,0183705 0,0194163 S
823,0 2,00886305031 3,36845457034 0,693787205831 0,516532 0,0201843 0,0183705 0,0194163 S
912,0 2,0 3,00674292412 0,706325664521 0,516532 0,0201843 0,0183705 0,0194163 S
13,0 2,0 3,3170683429 0,647342056838 0,530366 0,0177617 0,0161534 0,0170947 N
134,0 2,17352700909 2,93041975992 0,668107751421 0,530366 0,0177617 0,0161534 0,0170947 S
245,0 2,42040440639 3,457654253 0,654532818352 0,530366 0,0177617 0,0161534 0,0170947 S
310,0 2,14312258857 3,11792600796 0,674405874969 0,530366 0,0177617 0,0161534 0,0170947 S
412,0 2,01130284821 2,50884715027 0,674456133792 0,530366 0,0177617 0,0161534 0,0170947 S
568,0 2,07560544036 2,72507722732 0,655766343581 0,530366 0,0177617 0,0161534 0,0170947 S
612,0 2,07546995257 2,61776816573 0,668277104399 0,530366 0,0177617 0,0161534 0,0170947 S
761,0 2,0 3,3114979049 0,665010421644 0,530366 0,0177617 0,0161534 0,0170947 S
862,0 2,0 2,76502991688 0,672882141845 0,530366 0,0177617 0,0161534 0,0170947 S
966,0 2,0052029667 2,53027388331 0,664539661647 0,530366 0,0177617 0,0161534 0,0170947 S
149,0 2,05462873763 2,62131286296 0,617395402248 0,544854 0,0155038 0,0140995 0,0149364 S
223,0 2,33769813633 2,56839862528 0,624406922092 0,544854 0,0155038 0,0140995 0,0149364 S
309,0 2,21378156907 2,64080666069 0,62579196008 0,544854 0,0155038 0,0140995 0,0149364 S
425,0 2,29169096576 2,67177373088 0,614435945696 0,544854 0,0155038 0,0140995 0,0149364 S
538,0 2,39823332388 3,18957675505 0,62716829697 0,544854 0,0155038 0,0140995 0,0149364 S
634,0 2,0 2,55162502639 0,612544411233 0,544854 0,0155038 0,0140995 0,0149364 S
756,0 2,0 3,39920220182 0,63014428417 0,544854 0,0155038 0,0140995 0,0149364 S
809,0 2,0 3,44520486182 0,609265454712 0,544854 0,0155038 0,0140995 0,0149364 S
956,0 2,0 3,45711400547 0,621323912523 0,544854 0,0155038 0,0140995 0,0149364 S
8,0 2,0 2,0 0,67282423446 0,555373 0,017341 0,0157395 0,0167658 N
90,0 2,11044078413 2,87340295944 0,574015551604 0,567288 0,0141571 0,0127951 0,0135701 N
193,0 2,23114499099 3,28001337646 0,578757753456 0,567288 0,0141571 0,0127951 0,0135701 S
258,0 2,08078349436 2,75014138408 0,580832956252 0,567288 0,0141571 0,0127951 0,0135701 S
340,0 2,04384271075 3,13968824637 0,571554875314 0,567288 0,0141571 0,0127951 0,0135701 S
413,0 2,09724767637 3,30467955584 0,586508242672 0,567288 0,0141571 0,0127951 0,0135701 S
578,0 2,0 3,10700348839 0,592964104284 0,567288 0,0141571 0,0127951 0,0135701 S
644,0 2,05490735527 3,22287139862 0,583499063997 0,567288 0,0141571 0,0127951 0,0135701 S
751,0 2,0 2,96633083192 0,567016977901 0,567288 0,0141571 0,0127951 0,0135701 S
875,0 2,0 3,03432312531 0,563189601221 0,567288 0,0141571 0,0127951 0,0135701 S
931,0 2,0 2,69762229904 0,565317223064 0,567288 0,0141571 0,0127951 0,0135701 S
62,0 2,00000136426 3,07209793424 0,559771230579 0,571877 0,0115625 0,0105159 0,011121 N
196,0 2,10359516492 2,60748434055 0,510407911789 0,588363 0,0108908 0,00987159 0,0104669 N
224,0 2,07584121675 3,45422306027 0,497785518609 0,588363 0,0108908 0,00987159 0,0104669 S
355,0 2,15783667199 2,70507181425 0,51489211457 0,588363 0,0108908 0,00987159 0,0104669 S
417,0 2,0 2,90731277362 0,515721485029 0,588363 0,0108908 0,00987159 0,0104669 S
569,0 2,0 2,60037575965 0,498518604881 0,588363 0,0108908 0,00987159 0,0104669 S
678,0 2,38116750043 2,98392804592 0,520506948669 0,588363 0,0108908 0,00987159 0,0104669 S
704,0 2,0 2,92502351489 0,504029378787 0,588363 0,0108908 0,00987159 0,0104669 S
808,0 2,0056989051 2,72181344443 0,523835776389 0,588363 0,0108908 0,00987159 0,0104669 S
959,0 2,0170074717 3,3947436728 0,491596134499 0,588363 0,0108908 0,00987159 0,0104669 S
26,0 2,0 2,57367358233 0,479204318984 0,59779 0,00906811 0,00822819 0,00867055 N
119,0 2,0 3,31603816902 0,453880596024 0,59779 0,00906811 0,00822819 0,00867055 S
238,0 2,00311964024 3,48770813474 0,452627598263 0,59779 0,00906811 0,00822819 0,00867055 S
342,0 2,48007412243 2,84546825001 0,454864186039 0,59779 0,00906811 0,00822819 0,00867055 S
439,0 2,22452217159 3,10555760274 0,48322323884 0,59779 0,00906811 0,00822819 0,00867055 S
516,0 2,0 3,15741951373 0,487538762974 0,59779 0,00906811 0,00822819 0,00867055 S
655,0 2,01554245893 3,13745695749 0,454132866166 0,59779 0,00906811 0,00822819 0,00867055 S
813,0 2,12812751179 2,89715161273 0,463025529788 0,59779 0,00906811 0,00822819 0,00867055 S
963,0 2,0 3,05285722099 0,483185625597 0,59779 0,00906811 0,00822819 0,00867055 S
748,0 2,06458444167 6,13828787846 0,506610195732 0,611275 0,00897331 0,00823064 0,00851013 N
11,0 2,02316162476 3,02335761364 0,419813717968 0,614437 0,00742514 0,00670994 0,00714773 N
188,0 2,23507209245 2,66716942747 0,429873856197 0,614437 0,00742514 0,00670994 0,00714773 S
229,0 2,0 2,62316437627 0,417851321463 0,614437 0,00742514 0,00670994 0,00714773 S
335,0 2,02397789975 2,6462457842 0,438315668595 0,614437 0,00742514 0,00670994 0,00714773 S
461,0 2,33021592928 3,04890864506 0,443105931123 0,614437 0,00742514 0,00670994 0,00714773 S
543,0 2,0195951294 2,548415012 0,416229396578 0,614437 0,00742514 0,00670994 0,00714773 S
649,0 2,13482352564 3,30438834863 0,422156056137 0,614437 0,00742514 0,00670994 0,00714773 S
801,0 2,0 2,78355470182 0,418728308885 0,614437 0,00742514 0,00670994 0,00714773 S
915,0 2,0 2,96315521697 0,418784966875 0,614437 0,00742514 0,00670994 0,00714773 S
720,0 2,00136676063 2,86405749511 0,398756230509 0,628389 0,00650833 0,00588966 0,00621115 N
29,0 2,0 4,03621999959 0,387786121852 0,631133 0,00581047 0,00528148 0,00556787 N
159,0 2,06216413605 4,30880282068 0,395363020266 0,631133 0,00581047 0,00528148 0,00556787 S
262,0 2,13255466237 3,60379691669 0,374372655407 0,631133 0,00581047 0,00528148 0,00556787 S
365,0 2,0 3,98731199122 0,39790352006 0,631133 0,00581047 0,00528148 0,00556787 S
485,0 2,32233736697 3,64887869538 0,381345903117 0,631133 0,00581047 0,00528148 0,00556787 S
579,0 2,43936119478 3,93450220291 0,39909636392 0,631133 0,00581047 0,00528148 0,00556787 S
692,0 2,01336234653 3,64557651601 0,386470340662 0,631133 0,00581047 0,00528148 0,00556787 S
825,0 2,00119968132 4,13504660086 0,367836750632 0,631133 0,00581047 0,00528148 0,00556787 S
994,0 2,1744116332 3,69019421576 0,40267127015 0,631133 0,00581047 0,00528148 0,00556787 S
61,0 2,0 2,9290207097 0,352020164865 0,64904 0,0048614 0,00438096 0,00457561 S
276,0 2,03225639867 2,67841937258 0,344191209767 0,64904 0,0048614 0,00438096 0,00457561 S
465,0 2,00768459806 2,99939973589 0,353145163657 0,64904 0,0048614 0,00438096 0,00457561 S
576,0 2,20692209666 2,70939416046 0,345948619365 0,64904 0,0048614 0,00438096 0,00457561 S
739,0 2,39839219226 3,25257545949 0,370830165171 0,64904 0,0048614 0,00438096 0,00457561 S
938,0 2,0 2,5827664345 0,367861694609 0,64904 0,0048614 0,00438096 0,00457561 S
197,0 2,0 2,0 0,357960602073 0,658577 0,00551113 0,00494194 0,00529456 N
347,0 2,20894374029 3,65355384227 0,34905782339 0,65892 0,00444588 0,0039587 0,00415919 S
646,0 2,0 4,23075468924 0,32816661701 0,65892 0,00444588 0,0039587 0,00415919 S
899,0 2,0 6,12691698646 0,353321285556 0,66153 0,0046932 0,00427781 0,00440184 N
88,0 2,27132940517 2,69243552132 0,307577797806 0,667173 0,00401135 0,00358585 0,00381668 S
525,0 2,16420522223 3,0460390794 0,327203293759 0,667173 0,00401135 0,00358585 0,00381668 S
738,0 2,40776323819 3,30517656909 0,300604974561 0,667173 0,00401135 0,00358585 0,00381668 S
406,0 2,00568074554 7,75911859042 0,348500094634 0,675156 0,00421139 0,00384728 0,00395387 S
279,0 2,63922728903 3,62416633128 0,3207766409 0,679144 0,00471416 0,00426083 0,00437535 N
201,0 2,0 3,71154489417 0,28123398663 0,681955 0,00282212 0,002562 0,002621 S
313,0 2,19044859844 4,23094476337 0,301226688257 0,681955 0,00282212 0,002562 0,002621 S
611,0 2,23139895525 4,30123147959 0,267453794946 0,681955 0,00282212 0,002562 0,002621 S
781,0 2,09752373093 3,71164322167 0,262664847522 0,681955 0,00282212 0,002562 0,002621 S
183,0 2,03015854444 2,21509669489 0,30109252741 0,682264 0,00351253 0,00309252 0,00331002 N
896,0 2,17543032086 2,2941016836 0,288351845029 0,682264 0,00351253 0,00309252 0,00331002 S
996,0 2,04485535185 2,0 0,29059442044 0,682264 0,00351253 0,00309252 0,00331002 S
60,0 2,0 2,69523165757 0,237441707296 0,698645 0,00224598 0,00200366 0,00205784 N
192,0 2,0 2,61007628217 0,262046934909 0,698645 0,00224598 0,00200366 0,00205784 S
351,0 2,29169241145 2,72944640607 0,24276441491 0,698645 0,00224598 0,00200366 0,00205784 S
441,0 2,0 3,49073103594 0,25191313326 0,698645 0,00224598 0,00200366 0,00205784 S
591,0 2,01940383598 3,47605926654 0,244184995071 0,698645 0,00224598 0,00200366 0,00205784 S
648,0 2,13798672365 3,3709132323 0,260489872501 0,698645 0,00224598 0,00200366 0,00205784 S
869,0 2,0005637945 3,37588266262 0,238849201052 0,698645 0,00224598 0,00200366 0,00205784 S
981,0 2,0 3,2316456121 0,247339087692 0,698645 0,00224598 0,00200366 0,00205784 S
209,0 2,31598195721 3,17443106606 0,190721779561 0,708029 0,00164594 0,0014135 0,00148235 N
789,0 2,0 3,22968059323 0,212166664088 0,708029 0,00164594 0,0014135 0,00148235 S
15,0 2,0 2,83419509255 0,158736278581 0,721569 0,00132173 0,00109436 0,00111522 S
174,0 2,17789226434 3,29677889833 0,154244084953 0,721569 0,00132173 0,00109436 0,00111522 S
290,0 2,0 2,91616451439 0,160239734514 0,721569 0,00132173 0,00109436 0,00111522 S
366,0 2,15425283827 2,93624027734 0,175097228474 0,721569 0,00132173 0,00109436 0,00111522 S
434,0 2,29151755962 2,99154253869 0,163919685906 0,721569 0,00132173 0,00109436 0,00111522 S
584,0 2,0 2,64272604658 0,154995436688 0,721569 0,00132173 0,00109436 0,00111522 S
656,0 2,2265312144 2,89957057454 0,15105000848 0,721569 0,00132173 0,00109436 0,00111522 S
833,0 2,08372770211 2,60861569949 0,154073582897 0,721569 0,00132173 0,00109436 0,00111522 S
928,0 2,0 2,62878440211 0,152112102027 0,721569 0,00132173 0,00109436 0,00111522 S
797,0 2,0 3,79327517134 0,172919850592 0,72584 0,00141331 0,00116224 0,00118492 N
474,0 2,18711337637 6,33683314349 0,217790463519 0,744286 0,00127126 0,00105903 0,00109671 S
886,0 2,26601187604 5,67396530919 0,195827211631 0,744286 0,00127126 0,00105903 0,00109671 S
164,0 2,01746941614 2,0 0,175288670481 0,744481 0,00108487 0,000878814 0,000907648 S
318,0 2,0 2,0 0,153054108201 0,744481 0,00108487 0,000878814 0,000907648 S
677,0 2,04538060857 2,0 0,163875770733 0,744481 0,00108487 0,000878814 0,000907648 S
986,0 2,0 2,45621956036 0,154594065884 0,744481 0,00108487 0,000878814 0,000907648 S
96,0 2,84149097537 2,0 0,181018832469 0,747324 0,00127895 0,00107993 0,00111729 N
585,0 6,9314106624 2,0 0,0797504187823 0,750825 0,00109182 0,000858648 0,000898873 N
295,0 2,23534045884 4,42374387071 0,141131526683 0,753901 0,000827484 0,000614913 0,000645663 N
2,0 2,0 2,0 0,120901534493 0,759912 0,000615229 0,00043859 0,000453515 S
198,0 2,0 2,18022837732 0,105650403612 0,759912 0,000615229 0,00043859 0,000453515 S
304,0 2,0 2,0 0,121079998057 0,759912 0,000615229 0,00043859 0,000453515 S
462,0 2,00042490291 2,02313172308 0,124858785625 0,759912 0,000615229 0,00043859 0,000453515 S
605,0 2,0 2,0 0,112182425983 0,759912 0,000615229 0,00043859 0,000453515 S
705,0 2,0 2,06718925218 0,105006931897 0,759912 0,000615229 0,00043859 0,000453515 S
884,0 2,0 2,17104312779 0,119501778895 0,759912 0,000615229 0,00043859 0,000453515 S
957,0 2,0 2,0 0,108347875103 0,759912 0,000615229 0,00043859 0,000453515 S
299,0 2,0 6,69492570859 0,0924395774583 0,774405 0,000670587 0,000486303 0,000501837 N
594,0 2,14346955657 2,85827480552 0,068058618312 0,775049 0,000299272 0,000143607 0,000141378 N
30,0 2,0 2,32700530204 0,00496512848939 0,788927 0,000204143 5,26475e-05 5,18143e-05 N
105,0 2,0005036267 2,0 0,00110582166328 0,788927 0,000204143 5,26475e-05 5,18143e-05 S
215,0 2,32779644042 2,18894222177 0,00406757469575 0,788927 0,000204143 5,26475e-05 5,18143e-05 S
330,0 2,06217405452 2,0 0,0403712064373 0,788927 0,000204143 5,26475e-05 5,18143e-05 S
414,0 2,0 2,0 0,0130034708345 0,788927 0,000204143 5,26475e-05 5,18143e-05 S
508,0 2,0 2,0 0,0455164542813 0,788927 0,000204143 5,26475e-05 5,18143e-05 S
604,0 2,0 2,0 0,0164624130732 0,788927 0,000204143 5,26475e-05 5,18143e-05 S
702,0 2,0 2,4737932681 0,0401249558896 0,788927 0,000204143 5,26475e-05 5,18143e-05 S
824,0 2,0 2,0633835571 0,0502810570622 0,788927 0,000204143 5,26475e-05 5,18143e-05 S
927,0 2,0 2,0 0,0455067198491 0,788927 0,000204143 5,26475e-05 5,18143e-05 S
